Workbook
Name Slicer_Device: #N/A

Sheet Pivot Table
A3: Device | B3: Sum of Clicks | C3: Sum of Impressions | D3: Sum of Cost | E3: Sum of Leads | F3: Sum of Conversions | G3: Sum of Sale_Amount
A4: Desktop | B4: 121887 | C4: 4019108.5 | D4: 190468.71 | E4: 17690 | F4: 5828 | G4: 1331958
A5: Mobile | B5: 123068 | C5: 3980624.5 | D5: 189809.84 | E5: 17647 | F5: 5799 | G5: 1314069
A6: Tablet | B6: 116338 | C6: 3760539 | D6: 179003.57 | E6: 16673 | F6: 5358 | G6: 1251341
A7: Grand Total | B7: 361293 | C7: 11760272 | D7: 559282.12 | E7: 52010 | F7: 16985 | G7: 3897368

Sheet Cleaned_Data
A1: Ad_ID | B1: Campaign_Name | C1: Clicks | D1: Impressions | E1: Cost | F1: Leads | G1: Conversions | H1: Conversion Rate | I1: Sale_Amount | J1: Ad_Date | K1: Location | L1: Device | M1: Keyword | N1: Clean_Date | O1: CTR | P1: CPC | Q1: CPL | R1: CPCONV | S1: ROAS
A2: A1000 | B2: Data Analytics Course | C2: 104 | D2: 4498 | E2: 231.88 | F2: 14 | G2: 7 | H2: 0.058 | I2: 1892 | J2: 45612 | K2: Hyderabad | L2: Desktop | M2: learn data analytics | N2: =IF(A2="","",IF(ISNUMBER(J2),J2,IF(MID(J2,5,1)="-",DATE(LEFT(J2,4),MID(J2,6,2),RIGHT(J2,2)),IF(MID(J2,5,1)="/",DATE(LEFT(J2,4),MID(J2,6,2),RIGHT(J2,2)),DATE(RIGHT(J2,4),MID(J2,4,2),LEFT(J2,2)))))) -> 45612 | O2: =IFERROR(C2/D2,0) -> 0.023121387 | P2: =IFERROR(E2/C2,0) -> 2.2296154 | Q2: =IFERROR(E2/F2,0) -> 16.562857 | R2: =IFERROR(E2/G2,0) -> 33.125714 | S2: =IFERROR(I2/E2,0) -> 8.1593928
A3: A1001 | B3: Data Analytics Course | C3: 173 | D3: 5107 | E3: 216.84 | F3: 10 | G3: 8 | H3: 0.046 | I3: 1679 | J3: 20-11-2024 | K3: Hyderabad | L3: Mobile | M3: data analytics course | N3: =IF(A3="","",IF(ISNUMBER(J3),J3,IF(MID(J3,5,1)="-",DATE(LEFT(J3,4),MID(J3,6,2),RIGHT(J3,2)),IF(MID(J3,5,1)="/",DATE(LEFT(J3,4),MID(J3,6,2),RIGHT(J3,2)),DATE(RIGHT(J3,4),MID(J3,4,2),LEFT(J3,2)))))) -> 45616 | O3: =IFERROR(C3/D3,0) -> 0.033875073 | P3: =IFERROR(E3/C3,0) -> 1.2534104 | Q3: =IFERROR(E3/F3,0) -> 21.684 | R3: =IFERROR(E3/G3,0) -> 27.105 | S3: =IFERROR(I3/E3,0) -> 7.7430363
A4: A1002 | B4: Data Analytics Course | C4: 90 | D4: 4544 | E4: 203.66 | F4: 26 | G4: 9 | H4: 0.046 | I4: 1624 | J4: 45612 | K4: Hyderabad | L4: Desktop | M4: data analitics online | N4: =IF(A4="","",IF(ISNUMBER(J4),J4,IF(MID(J4,5,1)="-",DATE(LEFT(J4,4),MID(J4,6,2),RIGHT(J4,2)),IF(MID(J4,5,1)="/",DATE(LEFT(J4,4),MID(J4,6,2),RIGHT(J4,2)),DATE(RIGHT(J4,4),MID(J4,4,2),LEFT(J4,2)))))) -> 45612 | O4: =IFERROR(C4/D4,0) -> 0.019806338 | P4: =IFERROR(E4/C4,0) -> 2.2628889 | Q4: =IFERROR(E4/F4,0) -> 7.8330769 | R4: =IFERROR(E4/G4,0) -> 22.628889 | S4: =IFERROR(I4/E4,0) -> 7.9740744
A5: A1003 | B5: Data Analytics Course | C5: 142 | D5: 3185 | E5: 237.66 | F5: 17 | G5: 6 | H5: 0.046 | I5: 1225 | J5: 45622 | K5: Hyderabad | L5: Tablet | M5: data anaytics training | N5: =IF(A5="","",IF(ISNUMBER(J5),J5,IF(MID(J5,5,1)="-",DATE(LEFT(J5,4),MID(J5,6,2),RIGHT(J5,2)),IF(MID(J5,5,1)="/",DATE(LEFT(J5,4),MID(J5,6,2),RIGHT(J5,2)),DATE(RIGHT(J5,4),MID(J5,4,2),LEFT(J5,2)))))) -> 45622 | O5: =IFERROR(C5/D5,0) -> 0.044583987 | P5: =IFERROR(E5/C5,0) -> 1.673662 | Q5: =IFERROR(E5/F5,0) -> 13.98 | R5: =IFERROR(E5/G5,0) -> 39.61 | S5: =IFERROR(I5/E5,0) -> 5.1544223
A6: A1004 | B6: Data Analytics Course | C6: 156 | D6: 3361 | E6: 195.9 | F6: 30 | G6: 8 | H6: 0.046 | I6: 1091 | J6: 45618 | K6: Hyderabad | L6: Desktop | M6: online data analytic | N6: =IF(A6="","",IF(ISNUMBER(J6),J6,IF(MID(J6,5,1)="-",DATE(LEFT(J6,4),MID(J6,6,2),RIGHT(J6,2)),IF(MID(J6,5,1)="/",DATE(LEFT(J6,4),MID(J6,6,2),RIGHT(J6,2)),DATE(RIGHT(J6,4),MID(J6,4,2),LEFT(J6,2)))))) -> 45618 | O6: =IFERROR(C6/D6,0) -> 0.046414758 | P6: =IFERROR(E6/C6,0) -> 1.2557692 | Q6: =IFERROR(E6/F6,0) -> 6.53 | R6: =IFERROR(E6/G6,0) -> 24.4875 | S6: =IFERROR(I6/E6,0) -> 5.5691679
A7: A1005 | B7: Data Analytics Course | C7: 195 | D7: 3776 | E7: 243.57 | F7: 10 | G7: 8 | H7: 0.046 | I7: 1315 | J7: 16-11-2024 | K7: Hyderabad | L7: Mobile | M7: data anaytics training | N7: =IF(A7="","",IF(ISNUMBER(J7),J7,IF(MID(J7,5,1)="-",DATE(LEFT(J7,4),MID(J7,6,2),RIGHT(J7,2)),IF(MID(J7,5,1)="/",DATE(LEFT(J7,4),MID(J7,6,2),RIGHT(J7,2)),DATE(RIGHT(J7,4),MID(J7,4,2),LEFT(J7,2)))))) -> 45612 | O7: =IFERROR(C7/D7,0) -> 0.051641949 | P7: =IFERROR(E7/C7,0) -> 1.2490769 | Q7: =IFERROR(E7/F7,0) -> 24.357 | R7: =IFERROR(E7/G7,0) -> 30.44625 | S7: =IFERROR(I7/E7,0) -> 5.3988586
A8: A1006 | B8: Data Analytics Course | C8: 116 | D8: 4480 | E8: 237.79 | F8: 17 | G8: 5 | H8: 0.043 | I8: 1640 | J8: 45454 | K8: Hyderabad | L8: Tablet | M8: data analytics course | N8: =IF(A8="","",IF(ISNUMBER(J8),J8,IF(MID(J8,5,1)="-",DATE(LEFT(J8,4),MID(J8,6,2),RIGHT(J8,2)),IF(MID(J8,5,1)="/",DATE(LEFT(J8,4),MID(J8,6,2),RIGHT(J8,2)),DATE(RIGHT(J8,4),MID(J8,4,2),LEFT(J8,2)))))) -> 45454 | O8: =IFERROR(C8/D8,0) -> 0.025892857 | P8: =IFERROR(E8/C8,0) -> 2.0499138 | Q8: =IFERROR(E8/F8,0) -> 13.987647 | R8: =IFERROR(E8/G8,0) -> 47.558 | S8: =IFERROR(I8/E8,0) -> 6.8968418
A9: A1007 | B9: Data Analytics Course | C9: 184 | D9: 5060 | E9: 229.61 | F9: 23 | G9: 3 | H9: 0.016 | I9: 1509 | J9: 45620 | K9: Hyderabad | L9: Tablet | M9: analytics for data | N9: =IF(A9="","",IF(ISNUMBER(J9),J9,IF(MID(J9,5,1)="-",DATE(LEFT(J9,4),MID(J9,6,2),RIGHT(J9,2)),IF(MID(J9,5,1)="/",DATE(LEFT(J9,4),MID(J9,6,2),RIGHT(J9,2)),DATE(RIGHT(J9,4),MID(J9,4,2),LEFT(J9,2)))))) -> 45620 | O9: =IFERROR(C9/D9,0) -> 0.036363636 | P9: =IFERROR(E9/C9,0) -> 1.2478804 | Q9: =IFERROR(E9/F9,0) -> 9.9830435 | R9: =IFERROR(E9/G9,0) -> 76.536667 | S9: =IFERROR(I9/E9,0) -> 6.5720134
A10: A1008 | B10: Data Analytics Course | C10: 113 | D10: 5434 | E10: 215.57 | F10: 27 | G10: 4 | H10: 0.058 | I10: 1362 | J10: 45620 | K10: Hyderabad | L10: Tablet | M10: data anaytics training | N10: =IF(A10="","",IF(ISNUMBER(J10),J10,IF(MID(J10,5,1)="-",DATE(LEFT(J10,4),MID(J10,6,2),RIGHT(J10,2)),IF(MID(J10,5,1)="/",DATE(LEFT(J10,4),MID(J10,6,2),RIGHT(J10,2)),DATE(RIGHT(J10,4),MID(J10,4,2),LEFT(J10,2)))))) -> 45620 | O10: =IFERROR(C10/D10,0) -> 0.020794994 | P10: =IFERROR(E10/C10,0) -> 1.9076991 | Q10: =IFERROR(E10/F10,0) -> 7.9840741 | R10: =IFERROR(E10/G10,0) -> 53.8925 | S10: =IFERROR(I10/E10,0) -> 6.3181333
A11: A1009 | B11: Data Analytics Course | C11: 166 | D11: 3355 | E11: 186.78 | F11: 24 | G11: 9 | H11: 0.054 | I11: 1029 | J11: 45608 | K11: Hyderabad | L11: Mobile | M11: online data analytic | N11: =IF(A11="","",IF(ISNUMBER(J11),J11,IF(MID(J11,5,1)="-",DATE(LEFT(J11,4),MID(J11,6,2),RIGHT(J11,2)),IF(MID(J11,5,1)="/",DATE(LEFT(J11,4),MID(J11,6,2),RIGHT(J11,2)),DATE(RIGHT(J11,4),MID(J11,4,2),LEFT(J11,2)))))) -> 45608 | O11: =IFERROR(C11/D11,0) -> 0.04947839 | P11: =IFERROR(E11/C11,0) -> 1.1251807 | Q11: =IFERROR(E11/F11,0) -> 7.7825 | R11: =IFERROR(E11/G11,0) -> 20.753333 | S11: =IFERROR(I11/E11,0) -> 5.5091552
A12: A1010 | B12: Data Analytics Course | C12: 101 | D12: 5399 | E12: 236.79 | F12: 20 | G12: 6 | H12: 0.059 | I12: 1900 | J12: 14-11-2024 | K12: Hyderabad | L12: Desktop | M12: learn data analytics | N12: =IF(A12="","",IF(ISNUMBER(J12),J12,IF(MID(J12,5,1)="-",DATE(LEFT(J12,4),MID(J12,6,2),RIGHT(J12,2)),IF(MID(J12,5,1)="/",DATE(LEFT(J12,4),MID(J12,6,2),RIGHT(J12,2)),DATE(RIGHT(J12,4),MID(J12,4,2),LEFT(J12,2)))))) -> 45610 | O12: =IFERROR(C12/D12,0) -> 0.018707168 | P12: =IFERROR(E12/C12,0) -> 2.3444554 | Q12: =IFERROR(E12/F12,0) -> 11.8395 | R12: =IFERROR(E12/G12,0) -> 39.465 | S12: =IFERROR(I12/E12,0) -> 8.0239875
A13: A1011 | B13: Data Analytics Course | C13: 101 | D13: 3613 | E13: 208.12 | F13: 24 | G13: 5 | H13: 0.05 | I13: 1130 | J13: 45618 | K13: Hyderabad | L13: Desktop | M13: online data analytic | N13: =IF(A13="","",IF(ISNUMBER(J13),J13,IF(MID(J13,5,1)="-",DATE(LEFT(J13,4),MID(J13,6,2),RIGHT(J13,2)),IF(MID(J13,5,1)="/",DATE(LEFT(J13,4),MID(J13,6,2),RIGHT(J13,2)),DATE(RIGHT(J13,4),MID(J13,4,2),LEFT(J13,2)))))) -> 45618 | O13: =IFERROR(C13/D13,0) -> 0.027954608 | P13: =IFERROR(E13/C13,0) -> 2.0605941 | Q13: =IFERROR(E13/F13,0) -> 8.6716667 | R13: =IFERROR(E13/G13,0) -> 41.624 | S13: =IFERROR(I13/E13,0) -> 5.4295599
A14: A1012 | B14: Data Analytics Course | C14: 125 | D14: 3259 | E14: 191.3 | F14: 18 | G14: 3 | H14: 0.024 | I14: 1959 | J14: 45623 | K14: Hyderabad | L14: Desktop | M14: data analitics online | N14: =IF(A14="","",IF(ISNUMBER(J14),J14,IF(MID(J14,5,1)="-",DATE(LEFT(J14,4),MID(J14,6,2),RIGHT(J14,2)),IF(MID(J14,5,1)="/",DATE(LEFT(J14,4),MID(J14,6,2),RIGHT(J14,2)),DATE(RIGHT(J14,4),MID(J14,4,2),LEFT(J14,2)))))) -> 45623 | O14: =IFERROR(C14/D14,0) -> 0.038355324 | P14: =IFERROR(E14/C14,0) -> 1.5304 | Q14: =IFERROR(E14/F14,0) -> 10.627778 | R14: =IFERROR(E14/G14,0) -> 63.766667 | S14: =IFERROR(I14/E14,0) -> 10.24046
A15: A1013 | B15: Data Analytics Course | C15: 196 | D15: 3742 | E15: 207.46 | F15: 10 | G15: 7 | H15: 0.038 | I15: 1623 | J15: 45637 | K15: Hyderabad | L15: Mobile | M15: data anaytics training | N15: =IF(A15="","",IF(ISNUMBER(J15),J15,IF(MID(J15,5,1)="-",DATE(LEFT(J15,4),MID(J15,6,2),RIGHT(J15,2)),IF(MID(J15,5,1)="/",DATE(LEFT(J15,4),MID(J15,6,2),RIGHT(J15,2)),DATE(RIGHT(J15,4),MID(J15,4,2),LEFT(J15,2)))))) -> 45637 | O15: =IFERROR(C15/D15,0) -> 0.052378407 | P15: =IFERROR(E15/C15,0) -> 1.0584694 | Q15: =IFERROR(E15/F15,0) -> 20.746 | R15: =IFERROR(E15/G15,0) -> 29.637143 | S15: =IFERROR(I15/E15,0) -> 7.8231948
A16: A1014 | B16: Data Analytics Course | C16: 181 | D16: 4311 | E16: 185.09 | F16: 11 | G16: 9 | H16: 0.05 | I16: 1538 | J16: 45600 | K16: Hyderabad | L16: Desktop | M16: data anaytics training | N16: =IF(A16="","",IF(ISNUMBER(J16),J16,IF(MID(J16,5,1)="-",DATE(LEFT(J16,4),MID(J16,6,2),RIGHT(J16,2)),IF(MID(J16,5,1)="/",DATE(LEFT(J16,4),MID(J16,6,2),RIGHT(J16,2)),DATE(RIGHT(J16,4),MID(J16,4,2),LEFT(J16,2)))))) -> 45600 | O16: =IFERROR(C16/D16,0) -> 0.041985618 | P16: =IFERROR(E16/C16,0) -> 1.0225967 | Q16: =IFERROR(E16/F16,0) -> 16.826364 | R16: =IFERROR(E16/G16,0) -> 20.565556 | S16: =IFERROR(I16/E16,0) -> 8.3094711
A17: A1015 | B17: Data Analytics Course | C17: 102 | D17: 5461 | E17: 201.69 | F17: 22 | G17: 8 | H17: 0.078 | I17: 1755 | J17: 45625 | K17: Hyderabad | L17: Desktop | M17: data analytics course | N17: =IF(A17="","",IF(ISNUMBER(J17),J17,IF(MID(J17,5,1)="-",DATE(LEFT(J17,4),MID(J17,6,2),RIGHT(J17,2)),IF(MID(J17,5,1)="/",DATE(LEFT(J17,4),MID(J17,6,2),RIGHT(J17,2)),DATE(RIGHT(J17,4),MID(J17,4,2),LEFT(J17,2)))))) -> 45625 | O17: =IFERROR(C17/D17,0) -> 0.018677898 | P17: =IFERROR(E17/C17,0) -> 1.9773529 | Q17: =IFERROR(E17/F17,0) -> 9.1677273 | R17: =IFERROR(E17/G17,0) -> 25.21125 | S17: =IFERROR(I17/E17,0) -> 8.7014726
A18: A1016 | B18: Data Analytics Course | C18: 193 | D18: 5159 | E18: 215.57 | F18: 15 | G18: 9 | H18: 0.047 | I18: 1614 | J18: 45606 | K18: Hyderabad | L18: Mobile | M18: learn data analytics | N18: =IF(A18="","",IF(ISNUMBER(J18),J18,IF(MID(J18,5,1)="-",DATE(LEFT(J18,4),MID(J18,6,2),RIGHT(J18,2)),IF(MID(J18,5,1)="/",DATE(LEFT(J18,4),MID(J18,6,2),RIGHT(J18,2)),DATE(RIGHT(J18,4),MID(J18,4,2),LEFT(J18,2)))))) -> 45606 | O18: =IFERROR(C18/D18,0) -> 0.037410351 | P18: =IFERROR(E18/C18,0) -> 1.116943 | Q18: =IFERROR(E18/F18,0) -> 14.371333 | R18: =IFERROR(E18/G18,0) -> 23.952222 | S18: =IFERROR(I18/E18,0) -> 7.4871272
A19: A1017 | B19: Data Analytics Course | C19: 149 | D19: 4431 | E19: 207.4 | F19: 19 | G19: 9 | H19: 0.06 | I19: 1693 | J19: 45637 | K19: Hyderabad | L19: Mobile | M19: learn data analytics | N19: =IF(A19="","",IF(ISNUMBER(J19),J19,IF(MID(J19,5,1)="-",DATE(LEFT(J19,4),MID(J19,6,2),RIGHT(J19,2)),IF(MID(J19,5,1)="/",DATE(LEFT(J19,4),MID(J19,6,2),RIGHT(J19,2)),DATE(RIGHT(J19,4),MID(J19,4,2),LEFT(J19,2)))))) -> 45637 | O19: =IFERROR(C19/D19,0) -> 0.033626721 | P19: =IFERROR(E19/C19,0) -> 1.3919463 | Q19: =IFERROR(E19/F19,0) -> 10.915789 | R19: =IFERROR(E19/G19,0) -> 23.044444 | S19: =IFERROR(I19/E19,0) -> 8.1629701
A20: A1018 | B20: Data Analytics Course | C20: 150 | D20: 3113 | E20: 217.41 | F20: 20 | G20: 5 | H20: 0.046 | I20: 1785 | J20: 45603 | K20: Hyderabad | L20: Mobile | M20: analytics for data | N20: =IF(A20="","",IF(ISNUMBER(J20),J20,IF(MID(J20,5,1)="-",DATE(LEFT(J20,4),MID(J20,6,2),RIGHT(J20,2)),IF(MID(J20,5,1)="/",DATE(LEFT(J20,4),MID(J20,6,2),RIGHT(J20,2)),DATE(RIGHT(J20,4),MID(J20,4,2),LEFT(J20,2)))))) -> 45603 | O20: =IFERROR(C20/D20,0) -> 0.048185031 | P20: =IFERROR(E20/C20,0) -> 1.4494 | Q20: =IFERROR(E20/F20,0) -> 10.8705 | R20: =IFERROR(E20/G20,0) -> 43.482 | S20: =IFERROR(I20/E20,0) -> 8.2102939
A21: A1019 | B21: Data Analytics Course | C21: 145 | D21: 5278 | E21: 215.57 | F21: 25 | G21: 6 | H21: 0.041 | I21: 1516 | J21: 45601 | K21: Hyderabad | L21: Desktop | M21: data analytics course | N21: =IF(A21="","",IF(ISNUMBER(J21),J21,IF(MID(J21,5,1)="-",DATE(LEFT(J21,4),MID(J21,6,2),RIGHT(J21,2)),IF(MID(J21,5,1)="/",DATE(LEFT(J21,4),MID(J21,6,2),RIGHT(J21,2)),DATE(RIGHT(J21,4),MID(J21,4,2),LEFT(J21,2)))))) -> 45601 | O21: =IFERROR(C21/D21,0) -> 0.027472527 | P21: =IFERROR(E21/C21,0) -> 1.4866897 | Q21: =IFERROR(E21/F21,0) -> 8.6228 | R21: =IFERROR(E21/G21,0) -> 35.928333 | S21: =IFERROR(I21/E21,0) -> 7.0325184
A22: A1020 | B22: Data Analytics Course | C22: 184 | D22: 4143 | E22: 223.3 | F22: 10 | G22: 10 | H22: 0.044 | I22: 1735 | J22: 45617 | K22: Hyderabad | L22: Tablet | M22: learn data analytics | N22: =IF(A22="","",IF(ISNUMBER(J22),J22,IF(MID(J22,5,1)="-",DATE(LEFT(J22,4),MID(J22,6,2),RIGHT(J22,2)),IF(MID(J22,5,1)="/",DATE(LEFT(J22,4),MID(J22,6,2),RIGHT(J22,2)),DATE(RIGHT(J22,4),MID(J22,4,2),LEFT(J22,2)))))) -> 45617 | O22: =IFERROR(C22/D22,0) -> 0.044412262 | P22: =IFERROR(E22/C22,0) -> 1.213587 | Q22: =IFERROR(E22/F22,0) -> 22.33 | R22: =IFERROR(E22/G22,0) -> 22.33 | S22: =IFERROR(I22/E22,0) -> 7.7698164
A23: A1021 | B23: Data Analytics Course | C23: 171 | D23: 4154 | E23: 184.23 | F23: 30 | G23: 7 | H23: 0.041 | I23: 1803 | J23: 45604 | K23: Hyderabad | L23: Tablet | M23: data analitics online | N23: =IF(A23="","",IF(ISNUMBER(J23),J23,IF(MID(J23,5,1)="-",DATE(LEFT(J23,4),MID(J23,6,2),RIGHT(J23,2)),IF(MID(J23,5,1)="/",DATE(LEFT(J23,4),MID(J23,6,2),RIGHT(J23,2)),DATE(RIGHT(J23,4),MID(J23,4,2),LEFT(J23,2)))))) -> 45604 | O23: =IFERROR(C23/D23,0) -> 0.041165142 | P23: =IFERROR(E23/C23,0) -> 1.0773684 | Q23: =IFERROR(E23/F23,0) -> 6.141 | R23: =IFERROR(E23/G23,0) -> 26.318571 | S23: =IFERROR(I23/E23,0) -> 9.7866797
A24: A1022 | B24: Data Analytics Course | C24: 122 | D24: 5187 | E24: 211.24 | F24: 27 | G24: 6 | H24: 0.049 | I24: 1322 | J24: 45616 | K24: Hyderabad | L24: Desktop | M24: online data analytic | N24: =IF(A24="","",IF(ISNUMBER(J24),J24,IF(MID(J24,5,1)="-",DATE(LEFT(J24,4),MID(J24,6,2),RIGHT(J24,2)),IF(MID(J24,5,1)="/",DATE(LEFT(J24,4),MID(J24,6,2),RIGHT(J24,2)),DATE(RIGHT(J24,4),MID(J24,4,2),LEFT(J24,2)))))) -> 45616 | O24: =IFERROR(C24/D24,0) -> 0.023520339 | P24: =IFERROR(E24/C24,0) -> 1.7314754 | Q24: =IFERROR(E24/F24,0) -> 7.8237037 | R24: =IFERROR(E24/G24,0) -> 35.206667 | S24: =IFERROR(I24/E24,0) -> 6.2582844
A25: A1023 | B25: Data Analytics Course | C25: 188 | D25: 5798 | E25: 230.17 | F25: 28 | G25: 5 | H25: 0.047 | I25: 1452 | J25: 30-11-2024 | K25: Hyderabad | L25: Tablet | M25: data analytics course | N25: =IF(A25="","",IF(ISNUMBER(J25),J25,IF(MID(J25,5,1)="-",DATE(LEFT(J25,4),MID(J25,6,2),RIGHT(J25,2)),IF(MID(J25,5,1)="/",DATE(LEFT(J25,4),MID(J25,6,2),RIGHT(J25,2)),DATE(RIGHT(J25,4),MID(J25,4,2),LEFT(J25,2)))))) -> 45626 | O25: =IFERROR(C25/D25,0) -> 0.032424974 | P25: =IFERROR(E25/C25,0) -> 1.2243085 | Q25: =IFERROR(E25/F25,0) -> 8.2203571 | R25: =IFERROR(E25/G25,0) -> 46.034 | S25: =IFERROR(I25/E25,0) -> 6.3083808
A26: A1024 | B26: Data Analytics Course | C26: 87 | D26: 3718 | E26: 215.57 | F26: 12 | G26: 3 | H26: 0.034 | I26: 1652 | J26: 20-11-2024 | K26: Hyderabad | L26: Tablet | M26: learn data analytics | N26: =IF(A26="","",IF(ISNUMBER(J26),J26,IF(MID(J26,5,1)="-",DATE(LEFT(J26,4),MID(J26,6,2),RIGHT(J26,2)),IF(MID(J26,5,1)="/",DATE(LEFT(J26,4),MID(J26,6,2),RIGHT(J26,2)),DATE(RIGHT(J26,4),MID(J26,4,2),LEFT(J26,2)))))) -> 45616 | O26: =IFERROR(C26/D26,0) -> 0.023399677 | P26: =IFERROR(E26/C26,0) -> 2.4778161 | Q26: =IFERROR(E26/F26,0) -> 17.964167 | R26: =IFERROR(E26/G26,0) -> 71.856667 | S26: =IFERROR(I26/E26,0) -> 7.663404
A27: A1025 | B27: Data Analytics Course | C27: 88 | D27: 3349 | E27: 181.92 | F27: 22 | G27: 8 | H27: 0.091 | I27: 1456 | J27: 45616 | K27: Hyderabad | L27: Tablet | M27: learn data analytics | N27: =IF(A27="","",IF(ISNUMBER(J27),J27,IF(MID(J27,5,1)="-",DATE(LEFT(J27,4),MID(J27,6,2),RIGHT(J27,2)),IF(MID(J27,5,1)="/",DATE(LEFT(J27,4),MID(J27,6,2),RIGHT(J27,2)),DATE(RIGHT(J27,4),MID(J27,4,2),LEFT(J27,2)))))) -> 45616 | O27: =IFERROR(C27/D27,0) -> 0.0262765 | P27: =IFERROR(E27/C27,0) -> 2.0672727 | Q27: =IFERROR(E27/F27,0) -> 8.2690909 | R27: =IFERROR(E27/G27,0) -> 22.74 | S27: =IFERROR(I27/E27,0) -> 8.003518
A28: A1026 | B28: Data Analytics Course | C28: 119 | D28: 5323 | E28: 205.92 | F28: 17 | G28: 10 | H28: 0.06 | I28: 1656 | J28: 45598 | K28: Hyderabad | L28: Desktop | M28: online data analytic | N28: =IF(A28="","",IF(ISNUMBER(J28),J28,IF(MID(J28,5,1)="-",DATE(LEFT(J28,4),MID(J28,6,2),RIGHT(J28,2)),IF(MID(J28,5,1)="/",DATE(LEFT(J28,4),MID(J28,6,2),RIGHT(J28,2)),DATE(RIGHT(J28,4),MID(J28,4,2),LEFT(J28,2)))))) -> 45598 | O28: =IFERROR(C28/D28,0) -> 0.022355814 | P28: =IFERROR(E28/C28,0) -> 1.7304202 | Q28: =IFERROR(E28/F28,0) -> 12.112941 | R28: =IFERROR(E28/G28,0) -> 20.592 | S28: =IFERROR(I28/E28,0) -> 8.041958
A29: A1027 | B29: Data Analytics Course | C29: 139 | D29: 5286 | E29: 234.89 | F29: 22 | G29: 10 | H29: 0.046 | I29: 1688 | J29: 45617 | K29: Hyderabad | L29: Desktop | M29: data anaytics training | N29: =IF(A29="","",IF(ISNUMBER(J29),J29,IF(MID(J29,5,1)="-",DATE(LEFT(J29,4),MID(J29,6,2),RIGHT(J29,2)),IF(MID(J29,5,1)="/",DATE(LEFT(J29,4),MID(J29,6,2),RIGHT(J29,2)),DATE(RIGHT(J29,4),MID(J29,4,2),LEFT(J29,2)))))) -> 45617 | O29: =IFERROR(C29/D29,0) -> 0.026295876 | P29: =IFERROR(E29/C29,0) -> 1.6898561 | Q29: =IFERROR(E29/F29,0) -> 10.676818 | R29: =IFERROR(E29/G29,0) -> 23.489 | S29: =IFERROR(I29/E29,0) -> 7.1863425
A30: A1028 | B30: Data Analytics Course | C30: 128 | D30: 5469 | E30: 188.49 | F30: 16 | G30: 3 | H30: 0.046 | I30: 1783 | J30: 45619 | K30: Hyderabad | L30: Mobile | M30: learn data analytics | N30: =IF(A30="","",IF(ISNUMBER(J30),J30,IF(MID(J30,5,1)="-",DATE(LEFT(J30,4),MID(J30,6,2),RIGHT(J30,2)),IF(MID(J30,5,1)="/",DATE(LEFT(J30,4),MID(J30,6,2),RIGHT(J30,2)),DATE(RIGHT(J30,4),MID(J30,4,2),LEFT(J30,2)))))) -> 45619 | O30: =IFERROR(C30/D30,0) -> 0.023404644 | P30: =IFERROR(E30/C30,0) -> 1.4725781 | Q30: =IFERROR(E30/F30,0) -> 11.780625 | R30: =IFERROR(E30/G30,0) -> 62.83 | S30: =IFERROR(I30/E30,0) -> 9.4593878
A31: A1029 | B31: Data Analytics Course | C31: 86 | D31: 3351 | E31: 237.75 | F31: 21 | G31: 9 | H31: 0.105 | I31: 1975 | J31: 45609 | K31: Hyderabad | L31: Mobile | M31: analytics for data | N31: =IF(A31="","",IF(ISNUMBER(J31),J31,IF(MID(J31,5,1)="-",DATE(LEFT(J31,4),MID(J31,6,2),RIGHT(J31,2)),IF(MID(J31,5,1)="/",DATE(LEFT(J31,4),MID(J31,6,2),RIGHT(J31,2)),DATE(RIGHT(J31,4),MID(J31,4,2),LEFT(J31,2)))))) -> 45609 | O31: =IFERROR(C31/D31,0) -> 0.025663981 | P31: =IFERROR(E31/C31,0) -> 2.7645349 | Q31: =IFERROR(E31/F31,0) -> 11.321429 | R31: =IFERROR(E31/G31,0) -> 26.416667 | S31: =IFERROR(I31/E31,0) -> 8.3070452
A32: A1030 | B32: Data Analytics Course | C32: 188 | D32: 4834 | E32: 213.58 | F32: 15 | G32: 4 | H32: 0.021 | I32: 1590 | J32: 45604 | K32: Hyderabad | L32: Tablet | M32: online data analytic | N32: =IF(A32="","",IF(ISNUMBER(J32),J32,IF(MID(J32,5,1)="-",DATE(LEFT(J32,4),MID(J32,6,2),RIGHT(J32,2)),IF(MID(J32,5,1)="/",DATE(LEFT(J32,4),MID(J32,6,2),RIGHT(J32,2)),DATE(RIGHT(J32,4),MID(J32,4,2),LEFT(J32,2)))))) -> 45604 | O32: =IFERROR(C32/D32,0) -> 0.038891187 | P32: =IFERROR(E32/C32,0) -> 1.1360638 | Q32: =IFERROR(E32/F32,0) -> 14.238667 | R32: =IFERROR(E32/G32,0) -> 53.395 | S32: =IFERROR(I32/E32,0) -> 7.4445173
A33: A1031 | B33: Data Analytics Course | C33: 113 | D33: 5065 | E33: 212.37 | F33: 11 | G33: 5 | H33: 0.046 | I33: 1111 | J33: 22-11-2024 | K33: Hyderabad | L33: Desktop | M33: online data analytic | N33: =IF(A33="","",IF(ISNUMBER(J33),J33,IF(MID(J33,5,1)="-",DATE(LEFT(J33,4),MID(J33,6,2),RIGHT(J33,2)),IF(MID(J33,5,1)="/",DATE(LEFT(J33,4),MID(J33,6,2),RIGHT(J33,2)),DATE(RIGHT(J33,4),MID(J33,4,2),LEFT(J33,2)))))) -> 45618 | O33: =IFERROR(C33/D33,0) -> 0.02230997 | P33: =IFERROR(E33/C33,0) -> 1.8793805 | Q33: =IFERROR(E33/F33,0) -> 19.306364 | R33: =IFERROR(E33/G33,0) -> 42.474 | S33: =IFERROR(I33/E33,0) -> 5.2314357
A34: A1032 | B34: Data Analytics Course | C34: 139 | D34: 3872 | E34: 244.38 | F34: 20 | G34: 4 | H34: 0.046 | I34: 1041 | J34: 45637 | K34: Hyderabad | L34: Tablet | M34: data analitics online | N34: =IF(A34="","",IF(ISNUMBER(J34),J34,IF(MID(J34,5,1)="-",DATE(LEFT(J34,4),MID(J34,6,2),RIGHT(J34,2)),IF(MID(J34,5,1)="/",DATE(LEFT(J34,4),MID(J34,6,2),RIGHT(J34,2)),DATE(RIGHT(J34,4),MID(J34,4,2),LEFT(J34,2)))))) -> 45637 | O34: =IFERROR(C34/D34,0) -> 0.03589876 | P34: =IFERROR(E34/C34,0) -> 1.7581295 | Q34: =IFERROR(E34/F34,0) -> 12.219 | R34: =IFERROR(E34/G34,0) -> 61.095 | S34: =IFERROR(I34/E34,0) -> 4.2597594
A35: A1033 | B35: Data Analytics Course | C35: 176 | D35: 5509 | E35: 234.59 | F35: 19 | G35: 7 | H35: 0.054 | I35: 1710 | J35: 45599 | K35: Hyderabad | L35: Tablet | M35: data analytics course | N35: =IF(A35="","",IF(ISNUMBER(J35),J35,IF(MID(J35,5,1)="-",DATE(LEFT(J35,4),MID(J35,6,2),RIGHT(J35,2)),IF(MID(J35,5,1)="/",DATE(LEFT(J35,4),MID(J35,6,2),RIGHT(J35,2)),DATE(RIGHT(J35,4),MID(J35,4,2),LEFT(J35,2)))))) -> 45599 | O35: =IFERROR(C35/D35,0) -> 0.031947722 | P35: =IFERROR(E35/C35,0) -> 1.3328977 | Q35: =IFERROR(E35/F35,0) -> 12.346842 | R35: =IFERROR(E35/G35,0) -> 33.512857 | S35: =IFERROR(I35/E35,0) -> 7.2893133
A36: A1034 | B36: Data Analytics Course | C36: 121 | D36: 5610 | E36: 214.96 | F36: 23 | G36: 8 | H36: 0.046 | I36: 1505 | J36: 45621 | K36: Hyderabad | L36: Mobile | M36: data analytics course | N36: =IF(A36="","",IF(ISNUMBER(J36),J36,IF(MID(J36,5,1)="-",DATE(LEFT(J36,4),MID(J36,6,2),RIGHT(J36,2)),IF(MID(J36,5,1)="/",DATE(LEFT(J36,4),MID(J36,6,2),RIGHT(J36,2)),DATE(RIGHT(J36,4),MID(J36,4,2),LEFT(J36,2)))))) -> 45621 | O36: =IFERROR(C36/D36,0) -> 0.021568627 | P36: =IFERROR(E36/C36,0) -> 1.7765289 | Q36: =IFERROR(E36/F36,0) -> 9.346087 | R36: =IFERROR(E36/G36,0) -> 26.87 | S36: =IFERROR(I36/E36,0) -> 7.0013026
A37: A1035 | B37: Data Analytics Course | C37: 104 | D37: 5275 | E37: 236.48 | F37: 16 | G37: 9 | H37: 0.031 | I37: 1824 | J37: 45302 | K37: Hyderabad | L37: Desktop | M37: data anaytics training | N37: =IF(A37="","",IF(ISNUMBER(J37),J37,IF(MID(J37,5,1)="-",DATE(LEFT(J37,4),MID(J37,6,2),RIGHT(J37,2)),IF(MID(J37,5,1)="/",DATE(LEFT(J37,4),MID(J37,6,2),RIGHT(J37,2)),DATE(RIGHT(J37,4),MID(J37,4,2),LEFT(J37,2)))))) -> 45302 | O37: =IFERROR(C37/D37,0) -> 0.01971564 | P37: =IFERROR(E37/C37,0) -> 2.2738462 | Q37: =IFERROR(E37/F37,0) -> 14.78 | R37: =IFERROR(E37/G37,0) -> 26.275556 | S37: =IFERROR(I37/E37,0) -> 7.7131258
A38: A1036 | B38: Data Analytics Course | C38: 146 | D38: 5939 | E38: 242.9 | F38: 11 | G38: 8 | H38: 0.035 | I38: 1833 | J38: 45603 | K38: Hyderabad | L38: Desktop | M38: data anaytics training | N38: =IF(A38="","",IF(ISNUMBER(J38),J38,IF(MID(J38,5,1)="-",DATE(LEFT(J38,4),MID(J38,6,2),RIGHT(J38,2)),IF(MID(J38,5,1)="/",DATE(LEFT(J38,4),MID(J38,6,2),RIGHT(J38,2)),DATE(RIGHT(J38,4),MID(J38,4,2),LEFT(J38,2)))))) -> 45603 | O38: =IFERROR(C38/D38,0) -> 0.024583263 | P38: =IFERROR(E38/C38,0) -> 1.6636986 | Q38: =IFERROR(E38/F38,0) -> 22.081818 | R38: =IFERROR(E38/G38,0) -> 30.3625 | S38: =IFERROR(I38/E38,0) -> 7.5463154
A39: A1037 | B39: Data Analytics Course | C39: 123 | D39: 5131 | E39: 215.57 | F39: 19 | G39: 5 | H39: 0.041 | I39: 1307 | J39: 45546 | K39: Hyderabad | L39: Mobile | M39: learn data analytics | N39: =IF(A39="","",IF(ISNUMBER(J39),J39,IF(MID(J39,5,1)="-",DATE(LEFT(J39,4),MID(J39,6,2),RIGHT(J39,2)),IF(MID(J39,5,1)="/",DATE(LEFT(J39,4),MID(J39,6,2),RIGHT(J39,2)),DATE(RIGHT(J39,4),MID(J39,4,2),LEFT(J39,2)))))) -> 45546 | O39: =IFERROR(C39/D39,0) -> 0.023971935 | P39: =IFERROR(E39/C39,0) -> 1.7526016 | Q39: =IFERROR(E39/F39,0) -> 11.345789 | R39: =IFERROR(E39/G39,0) -> 43.114 | S39: =IFERROR(I39/E39,0) -> 6.0629958
A40: A1038 | B40: Data Analytics Course | C40: 90 | D40: 5786 | E40: 197.55 | F40: 11 | G40: 6 | H40: 0.043 | I40: 1704 | J40: 16-11-2024 | K40: Hyderabad | L40: Mobile | M40: online data analytic | N40: =IF(A40="","",IF(ISNUMBER(J40),J40,IF(MID(J40,5,1)="-",DATE(LEFT(J40,4),MID(J40,6,2),RIGHT(J40,2)),IF(MID(J40,5,1)="/",DATE(LEFT(J40,4),MID(J40,6,2),RIGHT(J40,2)),DATE(RIGHT(J40,4),MID(J40,4,2),LEFT(J40,2)))))) -> 45612 | O40: =IFERROR(C40/D40,0) -> 0.015554787 | P40: =IFERROR(E40/C40,0) -> 2.195 | Q40: =IFERROR(E40/F40,0) -> 17.959091 | R40: =IFERROR(E40/G40,0) -> 32.925 | S40: =IFERROR(I40/E40,0) -> 8.6256644
A41: A1039 | B41: Data Analytics Course | C41: 171 | D41: 4304 | E41: 192.61 | F41: 17 | G41: 10 | H41: 0.058 | I41: 1427 | J41: 45622 | K41: Hyderabad | L41: Mobile | M41: learn data analytics | N41: =IF(A41="","",IF(ISNUMBER(J41),J41,IF(MID(J41,5,1)="-",DATE(LEFT(J41,4),MID(J41,6,2),RIGHT(J41,2)),IF(MID(J41,5,1)="/",DATE(LEFT(J41,4),MID(J41,6,2),RIGHT(J41,2)),DATE(RIGHT(J41,4),MID(J41,4,2),LEFT(J41,2)))))) -> 45622 | O41: =IFERROR(C41/D41,0) -> 0.039730483 | P41: =IFERROR(E41/C41,0) -> 1.1263743 | Q41: =IFERROR(E41/F41,0) -> 11.33 | R41: =IFERROR(E41/G41,0) -> 19.261 | S41: =IFERROR(I41/E41,0) -> 7.4087534
A42: A1040 | B42: Data Analytics Course | C42: 94 | D42: 5549 | E42: 231.23 | F42: 25 | G42: 9 | H42: 0.096 | I42: 1849 | J42: 45608 | K42: Hyderabad | L42: Mobile | M42: data anaytics training | N42: =IF(A42="","",IF(ISNUMBER(J42),J42,IF(MID(J42,5,1)="-",DATE(LEFT(J42,4),MID(J42,6,2),RIGHT(J42,2)),IF(MID(J42,5,1)="/",DATE(LEFT(J42,4),MID(J42,6,2),RIGHT(J42,2)),DATE(RIGHT(J42,4),MID(J42,4,2),LEFT(J42,2)))))) -> 45608 | O42: =IFERROR(C42/D42,0) -> 0.016939989 | P42: =IFERROR(E42/C42,0) -> 2.4598936 | Q42: =IFERROR(E42/F42,0) -> 9.2492 | R42: =IFERROR(E42/G42,0) -> 25.692222 | S42: =IFERROR(I42/E42,0) -> 7.9963673
A43: A1041 | B43: Data Analytics Course | C43: 112 | D43: 4271 | E43: 196.07 | F43: 27 | G43: 6 | H43: 0.046 | I43: 1209 | J43: 45610 | K43: Hyderabad | L43: Desktop | M43: data analitics online | N43: =IF(A43="","",IF(ISNUMBER(J43),J43,IF(MID(J43,5,1)="-",DATE(LEFT(J43,4),MID(J43,6,2),RIGHT(J43,2)),IF(MID(J43,5,1)="/",DATE(LEFT(J43,4),MID(J43,6,2),RIGHT(J43,2)),DATE(RIGHT(J43,4),MID(J43,4,2),LEFT(J43,2)))))) -> 45610 | O43: =IFERROR(C43/D43,0) -> 0.026223367 | P43: =IFERROR(E43/C43,0) -> 1.750625 | Q43: =IFERROR(E43/F43,0) -> 7.2618519 | R43: =IFERROR(E43/G43,0) -> 32.678333 | S43: =IFERROR(I43/E43,0) -> 6.1661651
A44: A1042 | B44: Data Analytics Course | C44: 113 | D44: 4418 | E44: 191.55 | F44: 27 | G44: 10 | H44: 0.046 | I44: 1634 | J44: 45605 | K44: Hyderabad | L44: Mobile | M44: data analytics course | N44: =IF(A44="","",IF(ISNUMBER(J44),J44,IF(MID(J44,5,1)="-",DATE(LEFT(J44,4),MID(J44,6,2),RIGHT(J44,2)),IF(MID(J44,5,1)="/",DATE(LEFT(J44,4),MID(J44,6,2),RIGHT(J44,2)),DATE(RIGHT(J44,4),MID(J44,4,2),LEFT(J44,2)))))) -> 45605 | O44: =IFERROR(C44/D44,0) -> 0.025577184 | P44: =IFERROR(E44/C44,0) -> 1.6951327 | Q44: =IFERROR(E44/F44,0) -> 7.0944444 | R44: =IFERROR(E44/G44,0) -> 19.155 | S44: =IFERROR(I44/E44,0) -> 8.5304098
A45: A1043 | B45: Data Analytics Course | C45: 145 | D45: 3721 | E45: 180.95 | F45: 21 | G45: 7 | H45: 0.048 | I45: 1960 | J45: 29-11-2024 | K45: Hyderabad | L45: Desktop | M45: data analitics online | N45: =IF(A45="","",IF(ISNUMBER(J45),J45,IF(MID(J45,5,1)="-",DATE(LEFT(J45,4),MID(J45,6,2),RIGHT(J45,2)),IF(MID(J45,5,1)="/",DATE(LEFT(J45,4),MID(J45,6,2),RIGHT(J45,2)),DATE(RIGHT(J45,4),MID(J45,4,2),LEFT(J45,2)))))) -> 45625 | O45: =IFERROR(C45/D45,0) -> 0.038968019 | P45: =IFERROR(E45/C45,0) -> 1.247931 | Q45: =IFERROR(E45/F45,0) -> 8.6166667 | R45: =IFERROR(E45/G45,0) -> 25.85 | S45: =IFERROR(I45/E45,0) -> 10.831721
A46: A1044 | B46: Data Analytics Course | C46: 197 | D46: 5783 | E46: 204.46 | F46: 23 | G46: 6 | H46: 0.046 | I46: 1729 | J46: 45302 | K46: Hyderabad | L46: Tablet | M46: data anaytics training | N46: =IF(A46="","",IF(ISNUMBER(J46),J46,IF(MID(J46,5,1)="-",DATE(LEFT(J46,4),MID(J46,6,2),RIGHT(J46,2)),IF(MID(J46,5,1)="/",DATE(LEFT(J46,4),MID(J46,6,2),RIGHT(J46,2)),DATE(RIGHT(J46,4),MID(J46,4,2),LEFT(J46,2)))))) -> 45302 | O46: =IFERROR(C46/D46,0) -> 0.034065364 | P46: =IFERROR(E46/C46,0) -> 1.037868 | Q46: =IFERROR(E46/F46,0) -> 8.8895652 | R46: =IFERROR(E46/G46,0) -> 34.076667 | S46: =IFERROR(I46/E46,0) -> 8.4564218
A47: A1045 | B47: Data Analytics Course | C47: 109 | D47: 4866 | E47: 236.78 | F47: 27 | G47: 5 | H47: 0.046 | I47: 1585 | J47: 15-11-2024 | K47: Hyderabad | L47: Mobile | M47: online data analytic | N47: =IF(A47="","",IF(ISNUMBER(J47),J47,IF(MID(J47,5,1)="-",DATE(LEFT(J47,4),MID(J47,6,2),RIGHT(J47,2)),IF(MID(J47,5,1)="/",DATE(LEFT(J47,4),MID(J47,6,2),RIGHT(J47,2)),DATE(RIGHT(J47,4),MID(J47,4,2),LEFT(J47,2)))))) -> 45611 | O47: =IFERROR(C47/D47,0) -> 0.022400329 | P47: =IFERROR(E47/C47,0) -> 2.1722936 | Q47: =IFERROR(E47/F47,0) -> 8.7696296 | R47: =IFERROR(E47/G47,0) -> 47.356 | S47: =IFERROR(I47/E47,0) -> 6.6939775
A48: A1046 | B48: Data Analytics Course | C48: 188 | D48: 5857 | E48: 222.98 | F48: 20 | G48: 4 | H48: 0.048 | I48: 1303 | J48: 45607 | K48: Hyderabad | L48: Desktop | M48: data anaytics training | N48: =IF(A48="","",IF(ISNUMBER(J48),J48,IF(MID(J48,5,1)="-",DATE(LEFT(J48,4),MID(J48,6,2),RIGHT(J48,2)),IF(MID(J48,5,1)="/",DATE(LEFT(J48,4),MID(J48,6,2),RIGHT(J48,2)),DATE(RIGHT(J48,4),MID(J48,4,2),LEFT(J48,2)))))) -> 45607 | O48: =IFERROR(C48/D48,0) -> 0.032098344 | P48: =IFERROR(E48/C48,0) -> 1.1860638 | Q48: =IFERROR(E48/F48,0) -> 11.149 | R48: =IFERROR(E48/G48,0) -> 55.745 | S48: =IFERROR(I48/E48,0) -> 5.8435734
A49: A1047 | B49: Data Analytics Course | C49: 142 | D49: 5103 | E49: 234.1 | F49: 24 | G49: 3 | H49: 0.021 | I49: 1835 | J49: 45604 | K49: Hyderabad | L49: Mobile | M49: analytics for data | N49: =IF(A49="","",IF(ISNUMBER(J49),J49,IF(MID(J49,5,1)="-",DATE(LEFT(J49,4),MID(J49,6,2),RIGHT(J49,2)),IF(MID(J49,5,1)="/",DATE(LEFT(J49,4),MID(J49,6,2),RIGHT(J49,2)),DATE(RIGHT(J49,4),MID(J49,4,2),LEFT(J49,2)))))) -> 45604 | O49: =IFERROR(C49/D49,0) -> 0.027826769 | P49: =IFERROR(E49/C49,0) -> 1.6485915 | Q49: =IFERROR(E49/F49,0) -> 9.7541667 | R49: =IFERROR(E49/G49,0) -> 78.033333 | S49: =IFERROR(I49/E49,0) -> 7.8385305
A50: A1048 | B50: Data Analytics Course | C50: 168 | D50: 4653 | E50: 240.84 | F50: 27 | G50: 9 | H50: 0.054 | I50: 1367 | J50: 45620 | K50: Hyderabad | L50: Mobile | M50: online data analytic | N50: =IF(A50="","",IF(ISNUMBER(J50),J50,IF(MID(J50,5,1)="-",DATE(LEFT(J50,4),MID(J50,6,2),RIGHT(J50,2)),IF(MID(J50,5,1)="/",DATE(LEFT(J50,4),MID(J50,6,2),RIGHT(J50,2)),DATE(RIGHT(J50,4),MID(J50,4,2),LEFT(J50,2)))))) -> 45620 | O50: =IFERROR(C50/D50,0) -> 0.036105738 | P50: =IFERROR(E50/C50,0) -> 1.4335714 | Q50: =IFERROR(E50/F50,0) -> 8.92 | R50: =IFERROR(E50/G50,0) -> 26.76 | S50: =IFERROR(I50/E50,0) -> 5.6759674
A51: A1049 | B51: Data Analytics Course | C51: 110 | D51: 3524 | E51: 248.86 | F51: 19 | G51: 10 | H51: 0.091 | I51: 1524 | J51: 21-11-2024 | K51: Hyderabad | L51: Mobile | M51: learn data analytics | N51: =IF(A51="","",IF(ISNUMBER(J51),J51,IF(MID(J51,5,1)="-",DATE(LEFT(J51,4),MID(J51,6,2),RIGHT(J51,2)),IF(MID(J51,5,1)="/",DATE(LEFT(J51,4),MID(J51,6,2),RIGHT(J51,2)),DATE(RIGHT(J51,4),MID(J51,4,2),LEFT(J51,2)))))) -> 45617 | O51: =IFERROR(C51/D51,0) -> 0.031214529 | P51: =IFERROR(E51/C51,0) -> 2.2623636 | Q51: =IFERROR(E51/F51,0) -> 13.097895 | R51: =IFERROR(E51/G51,0) -> 24.886 | S51: =IFERROR(I51/E51,0) -> 6.1239251
A52: A1050 | B52: Data Analytics Course | C52: 192 | D52: 5938 | E52: 182.84 | F52: 26 | G52: 5 | H52: 0.039 | I52: 1080 | J52: 45608 | K52: Hyderabad | L52: Mobile | M52: analytics for data | N52: =IF(A52="","",IF(ISNUMBER(J52),J52,IF(MID(J52,5,1)="-",DATE(LEFT(J52,4),MID(J52,6,2),RIGHT(J52,2)),IF(MID(J52,5,1)="/",DATE(LEFT(J52,4),MID(J52,6,2),RIGHT(J52,2)),DATE(RIGHT(J52,4),MID(J52,4,2),LEFT(J52,2)))))) -> 45608 | O52: =IFERROR(C52/D52,0) -> 0.032334119 | P52: =IFERROR(E52/C52,0) -> 0.95229167 | Q52: =IFERROR(E52/F52,0) -> 7.0323077 | R52: =IFERROR(E52/G52,0) -> 36.568 | S52: =IFERROR(I52/E52,0) -> 5.9068038
A53: A1051 | B53: Data Analytics Course | C53: 101 | D53: 3942 | E53: 206.62 | F53: 16 | G53: 5 | H53: 0.05 | I53: 1746 | J53: 45620 | K53: Hyderabad | L53: Tablet | M53: analytics for data | N53: =IF(A53="","",IF(ISNUMBER(J53),J53,IF(MID(J53,5,1)="-",DATE(LEFT(J53,4),MID(J53,6,2),RIGHT(J53,2)),IF(MID(J53,5,1)="/",DATE(LEFT(J53,4),MID(J53,6,2),RIGHT(J53,2)),DATE(RIGHT(J53,4),MID(J53,4,2),LEFT(J53,2)))))) -> 45620 | O53: =IFERROR(C53/D53,0) -> 0.025621512 | P53: =IFERROR(E53/C53,0) -> 2.0457426 | Q53: =IFERROR(E53/F53,0) -> 12.91375 | R53: =IFERROR(E53/G53,0) -> 41.324 | S53: =IFERROR(I53/E53,0) -> 8.4502952
A54: A1052 | B54: Data Analytics Course | C54: 157 | D54: 3315 | E54: 189.56 | F54: 15 | G54: 10 | H54: 0.064 | I54: 1026 | J54: 45621 | K54: Hyderabad | L54: Mobile | M54: online data analytic | N54: =IF(A54="","",IF(ISNUMBER(J54),J54,IF(MID(J54,5,1)="-",DATE(LEFT(J54,4),MID(J54,6,2),RIGHT(J54,2)),IF(MID(J54,5,1)="/",DATE(LEFT(J54,4),MID(J54,6,2),RIGHT(J54,2)),DATE(RIGHT(J54,4),MID(J54,4,2),LEFT(J54,2)))))) -> 45621 | O54: =IFERROR(C54/D54,0) -> 0.047360483 | P54: =IFERROR(E54/C54,0) -> 1.2073885 | Q54: =IFERROR(E54/F54,0) -> 12.637333 | R54: =IFERROR(E54/G54,0) -> 18.956 | S54: =IFERROR(I54/E54,0) -> 5.4125343
A55: A1053 | B55: Data Analytics Course | C55: 113 | D55: 4945 | E55: 187.66 | F55: 15 | G55: 10 | H55: 0.046 | I55: 1564 | J55: 45622 | K55: Hyderabad | L55: Tablet | M55: learn data analytics | N55: =IF(A55="","",IF(ISNUMBER(J55),J55,IF(MID(J55,5,1)="-",DATE(LEFT(J55,4),MID(J55,6,2),RIGHT(J55,2)),IF(MID(J55,5,1)="/",DATE(LEFT(J55,4),MID(J55,6,2),RIGHT(J55,2)),DATE(RIGHT(J55,4),MID(J55,4,2),LEFT(J55,2)))))) -> 45622 | O55: =IFERROR(C55/D55,0) -> 0.022851365 | P55: =IFERROR(E55/C55,0) -> 1.660708 | Q55: =IFERROR(E55/F55,0) -> 12.510667 | R55: =IFERROR(E55/G55,0) -> 18.766 | S55: =IFERROR(I55/E55,0) -> 8.3342215
A56: A1054 | B56: Data Analytics Course | C56: 96 | D56: 3166 | E56: 196.15 | F56: 29 | G56: 7 | H56: 0.073 | I56: 1902 | J56: 26-11-2024 | K56: Hyderabad | L56: Desktop | M56: learn data analytics | N56: =IF(A56="","",IF(ISNUMBER(J56),J56,IF(MID(J56,5,1)="-",DATE(LEFT(J56,4),MID(J56,6,2),RIGHT(J56,2)),IF(MID(J56,5,1)="/",DATE(LEFT(J56,4),MID(J56,6,2),RIGHT(J56,2)),DATE(RIGHT(J56,4),MID(J56,4,2),LEFT(J56,2)))))) -> 45622 | O56: =IFERROR(C56/D56,0) -> 0.030322173 | P56: =IFERROR(E56/C56,0) -> 2.0432292 | Q56: =IFERROR(E56/F56,0) -> 6.7637931 | R56: =IFERROR(E56/G56,0) -> 28.021429 | S56: =IFERROR(I56/E56,0) -> 9.6966607
A57: A1055 | B57: Data Analytics Course | C57: 125 | D57: 4223 | E57: 183.68 | F57: 15 | G57: 6 | H57: 0.046 | I57: 1267 | J57: 45601 | K57: Hyderabad | L57: Desktop | M57: data analitics online | N57: =IF(A57="","",IF(ISNUMBER(J57),J57,IF(MID(J57,5,1)="-",DATE(LEFT(J57,4),MID(J57,6,2),RIGHT(J57,2)),IF(MID(J57,5,1)="/",DATE(LEFT(J57,4),MID(J57,6,2),RIGHT(J57,2)),DATE(RIGHT(J57,4),MID(J57,4,2),LEFT(J57,2)))))) -> 45601 | O57: =IFERROR(C57/D57,0) -> 0.029599811 | P57: =IFERROR(E57/C57,0) -> 1.46944 | Q57: =IFERROR(E57/F57,0) -> 12.245333 | R57: =IFERROR(E57/G57,0) -> 30.613333 | S57: =IFERROR(I57/E57,0) -> 6.8978659
A58: A1056 | B58: Data Analytics Course | C58: 104 | D58: 4798 | E58: 210.1 | F58: 18 | G58: 3 | H58: 0.046 | I58: 1340 | J58: 21-11-2024 | K58: Hyderabad | L58: Desktop | M58: analytics for data | N58: =IF(A58="","",IF(ISNUMBER(J58),J58,IF(MID(J58,5,1)="-",DATE(LEFT(J58,4),MID(J58,6,2),RIGHT(J58,2)),IF(MID(J58,5,1)="/",DATE(LEFT(J58,4),MID(J58,6,2),RIGHT(J58,2)),DATE(RIGHT(J58,4),MID(J58,4,2),LEFT(J58,2)))))) -> 45617 | O58: =IFERROR(C58/D58,0) -> 0.021675698 | P58: =IFERROR(E58/C58,0) -> 2.0201923 | Q58: =IFERROR(E58/F58,0) -> 11.672222 | R58: =IFERROR(E58/G58,0) -> 70.033333 | S58: =IFERROR(I58/E58,0) -> 6.3779153
A59: A1057 | B59: Data Analytics Course | C59: 194 | D59: 5655 | E59: 208.58 | F59: 13 | G59: 6 | H59: 0.031 | I59: 1692 | J59: 45612 | K59: Hyderabad | L59: Mobile | M59: data anaytics training | N59: =IF(A59="","",IF(ISNUMBER(J59),J59,IF(MID(J59,5,1)="-",DATE(LEFT(J59,4),MID(J59,6,2),RIGHT(J59,2)),IF(MID(J59,5,1)="/",DATE(LEFT(J59,4),MID(J59,6,2),RIGHT(J59,2)),DATE(RIGHT(J59,4),MID(J59,4,2),LEFT(J59,2)))))) -> 45612 | O59: =IFERROR(C59/D59,0) -> 0.034305924 | P59: =IFERROR(E59/C59,0) -> 1.0751546 | Q59: =IFERROR(E59/F59,0) -> 16.044615 | R59: =IFERROR(E59/G59,0) -> 34.763333 | S59: =IFERROR(I59/E59,0) -> 8.1119954
A60: A1058 | B60: Data Analytics Course | C60: 144 | D60: 5140 | E60: 219.48 | F60: 19 | G60: 8 | H60: 0.047 | I60: 1054 | J60: 18-11-2024 | K60: Hyderabad | L60: Desktop | M60: data analitics online | N60: =IF(A60="","",IF(ISNUMBER(J60),J60,IF(MID(J60,5,1)="-",DATE(LEFT(J60,4),MID(J60,6,2),RIGHT(J60,2)),IF(MID(J60,5,1)="/",DATE(LEFT(J60,4),MID(J60,6,2),RIGHT(J60,2)),DATE(RIGHT(J60,4),MID(J60,4,2),LEFT(J60,2)))))) -> 45614 | O60: =IFERROR(C60/D60,0) -> 0.028015564 | P60: =IFERROR(E60/C60,0) -> 1.5241667 | Q60: =IFERROR(E60/F60,0) -> 11.551579 | R60: =IFERROR(E60/G60,0) -> 27.435 | S60: =IFERROR(I60/E60,0) -> 4.8022599
A61: A1059 | B61: Data Analytics Course | C61: 179 | D61: 3025 | E61: 238.81 | F61: 17 | G61: 3 | H61: 0.017 | I61: 1505 | J61: 45607 | K61: Hyderabad | L61: Mobile | M61: data analitics online | N61: =IF(A61="","",IF(ISNUMBER(J61),J61,IF(MID(J61,5,1)="-",DATE(LEFT(J61,4),MID(J61,6,2),RIGHT(J61,2)),IF(MID(J61,5,1)="/",DATE(LEFT(J61,4),MID(J61,6,2),RIGHT(J61,2)),DATE(RIGHT(J61,4),MID(J61,4,2),LEFT(J61,2)))))) -> 45607 | O61: =IFERROR(C61/D61,0) -> 0.059173554 | P61: =IFERROR(E61/C61,0) -> 1.3341341 | Q61: =IFERROR(E61/F61,0) -> 14.047647 | R61: =IFERROR(E61/G61,0) -> 79.603333 | S61: =IFERROR(I61/E61,0) -> 6.3020812
A62: A1060 | B62: Data Analytics Course | C62: 166 | D62: 5223 | E62: 189.76 | F62: 18 | G62: 7 | H62: 0.042 | I62: 1219 | J62: 16-11-2024 | K62: Hyderabad | L62: Tablet | M62: data analytics course | N62: =IF(A62="","",IF(ISNUMBER(J62),J62,IF(MID(J62,5,1)="-",DATE(LEFT(J62,4),MID(J62,6,2),RIGHT(J62,2)),IF(MID(J62,5,1)="/",DATE(LEFT(J62,4),MID(J62,6,2),RIGHT(J62,2)),DATE(RIGHT(J62,4),MID(J62,4,2),LEFT(J62,2)))))) -> 45612 | O62: =IFERROR(C62/D62,0) -> 0.0317825 | P62: =IFERROR(E62/C62,0) -> 1.1431325 | Q62: =IFERROR(E62/F62,0) -> 10.542222 | R62: =IFERROR(E62/G62,0) -> 27.108571 | S62: =IFERROR(I62/E62,0) -> 6.4239039
A63: A1061 | B63: Data Analytics Course | C63: 166 | D63: 5089 | E63: 215.57 | F63: 26 | G63: 7 | H63: 0.042 | I63: 1946 | J63: 45607 | K63: Hyderabad | L63: Tablet | M63: analytics for data | N63: =IF(A63="","",IF(ISNUMBER(J63),J63,IF(MID(J63,5,1)="-",DATE(LEFT(J63,4),MID(J63,6,2),RIGHT(J63,2)),IF(MID(J63,5,1)="/",DATE(LEFT(J63,4),MID(J63,6,2),RIGHT(J63,2)),DATE(RIGHT(J63,4),MID(J63,4,2),LEFT(J63,2)))))) -> 45607 | O63: =IFERROR(C63/D63,0) -> 0.032619375 | P63: =IFERROR(E63/C63,0) -> 1.2986145 | Q63: =IFERROR(E63/F63,0) -> 8.2911538 | R63: =IFERROR(E63/G63,0) -> 30.795714 | S63: =IFERROR(I63/E63,0) -> 9.0272301
A64: A1062 | B64: Data Analytics Course | C64: 118 | D64: 5016 | E64: 204.31 | F64: 19 | G64: 9 | H64: 0.045 | I64: 1833 | J64: 45604 | K64: Hyderabad | L64: Desktop | M64: analytics for data | N64: =IF(A64="","",IF(ISNUMBER(J64),J64,IF(MID(J64,5,1)="-",DATE(LEFT(J64,4),MID(J64,6,2),RIGHT(J64,2)),IF(MID(J64,5,1)="/",DATE(LEFT(J64,4),MID(J64,6,2),RIGHT(J64,2)),DATE(RIGHT(J64,4),MID(J64,4,2),LEFT(J64,2)))))) -> 45604 | O64: =IFERROR(C64/D64,0) -> 0.023524721 | P64: =IFERROR(E64/C64,0) -> 1.7314407 | Q64: =IFERROR(E64/F64,0) -> 10.753158 | R64: =IFERROR(E64/G64,0) -> 22.701111 | S64: =IFERROR(I64/E64,0) -> 8.9716607
A65: A1063 | B65: Data Analytics Course | C65: 185 | D65: 3617 | E65: 222.32 | F65: 24 | G65: 7 | H65: 0.038 | I65: 1963 | J65: 23-11-2024 | K65: Hyderabad | L65: Mobile | M65: data analytics course | N65: =IF(A65="","",IF(ISNUMBER(J65),J65,IF(MID(J65,5,1)="-",DATE(LEFT(J65,4),MID(J65,6,2),RIGHT(J65,2)),IF(MID(J65,5,1)="/",DATE(LEFT(J65,4),MID(J65,6,2),RIGHT(J65,2)),DATE(RIGHT(J65,4),MID(J65,4,2),LEFT(J65,2)))))) -> 45619 | O65: =IFERROR(C65/D65,0) -> 0.05114736 | P65: =IFERROR(E65/C65,0) -> 1.2017297 | Q65: =IFERROR(E65/F65,0) -> 9.2633333 | R65: =IFERROR(E65/G65,0) -> 31.76 | S65: =IFERROR(I65/E65,0) -> 8.829615
A66: A1064 | B66: Data Analytics Course | C66: 116 | D66: 3764 | E66: 232.03 | F66: 28 | G66: 10 | H66: 0.086 | I66: 1348 | J66: 45616 | K66: Hyderabad | L66: Tablet | M66: data analytics course | N66: =IF(A66="","",IF(ISNUMBER(J66),J66,IF(MID(J66,5,1)="-",DATE(LEFT(J66,4),MID(J66,6,2),RIGHT(J66,2)),IF(MID(J66,5,1)="/",DATE(LEFT(J66,4),MID(J66,6,2),RIGHT(J66,2)),DATE(RIGHT(J66,4),MID(J66,4,2),LEFT(J66,2)))))) -> 45616 | O66: =IFERROR(C66/D66,0) -> 0.030818278 | P66: =IFERROR(E66/C66,0) -> 2.0002586 | Q66: =IFERROR(E66/F66,0) -> 8.2867857 | R66: =IFERROR(E66/G66,0) -> 23.203 | S66: =IFERROR(I66/E66,0) -> 5.8095936
A67: A1065 | B67: Data Analytics Course | C67: 99 | D67: 4489 | E67: 183.73 | F67: 15 | G67: 6 | H67: 0.061 | I67: 1264 | J67: 45601 | K67: Hyderabad | L67: Desktop | M67: online data analytic | N67: =IF(A67="","",IF(ISNUMBER(J67),J67,IF(MID(J67,5,1)="-",DATE(LEFT(J67,4),MID(J67,6,2),RIGHT(J67,2)),IF(MID(J67,5,1)="/",DATE(LEFT(J67,4),MID(J67,6,2),RIGHT(J67,2)),DATE(RIGHT(J67,4),MID(J67,4,2),LEFT(J67,2)))))) -> 45601 | O67: =IFERROR(C67/D67,0) -> 0.02205391 | P67: =IFERROR(E67/C67,0) -> 1.8558586 | Q67: =IFERROR(E67/F67,0) -> 12.248667 | R67: =IFERROR(E67/G67,0) -> 30.621667 | S67: =IFERROR(I67/E67,0) -> 6.8796604
A68: A1066 | B68: Data Analytics Course | C68: 172 | D68: 4441 | E68: 221.18 | F68: 14 | G68: 8 | H68: 0.047 | I68: 1771 | J68: 27-11-2024 | K68: Hyderabad | L68: Mobile | M68: analytics for data | N68: =IF(A68="","",IF(ISNUMBER(J68),J68,IF(MID(J68,5,1)="-",DATE(LEFT(J68,4),MID(J68,6,2),RIGHT(J68,2)),IF(MID(J68,5,1)="/",DATE(LEFT(J68,4),MID(J68,6,2),RIGHT(J68,2)),DATE(RIGHT(J68,4),MID(J68,4,2),LEFT(J68,2)))))) -> 45623 | O68: =IFERROR(C68/D68,0) -> 0.038730016 | P68: =IFERROR(E68/C68,0) -> 1.2859302 | Q68: =IFERROR(E68/F68,0) -> 15.798571 | R68: =IFERROR(E68/G68,0) -> 27.6475 | S68: =IFERROR(I68/E68,0) -> 8.0070531
A69: A1067 | B69: Data Analytics Course | C69: 138 | D69: 5751 | E69: 199.11 | F69: 26 | G69: 9 | H69: 0.052 | I69: 1337 | J69: 45606 | K69: Hyderabad | L69: Desktop | M69: data analitics online | N69: =IF(A69="","",IF(ISNUMBER(J69),J69,IF(MID(J69,5,1)="-",DATE(LEFT(J69,4),MID(J69,6,2),RIGHT(J69,2)),IF(MID(J69,5,1)="/",DATE(LEFT(J69,4),MID(J69,6,2),RIGHT(J69,2)),DATE(RIGHT(J69,4),MID(J69,4,2),LEFT(J69,2)))))) -> 45606 | O69: =IFERROR(C69/D69,0) -> 0.023995827 | P69: =IFERROR(E69/C69,0) -> 1.4428261 | Q69: =IFERROR(E69/F69,0) -> 7.6580769 | R69: =IFERROR(E69/G69,0) -> 22.123333 | S69: =IFERROR(I69/E69,0) -> 6.7148812
A70: A1068 | B70: Data Analytics Course | C70: 84 | D70: 4036 | E70: 234.22 | F70: 23 | G70: 10 | H70: 0.119 | I70: 1287 | J70: 45393 | K70: Hyderabad | L70: Desktop | M70: learn data analytics | N70: =IF(A70="","",IF(ISNUMBER(J70),J70,IF(MID(J70,5,1)="-",DATE(LEFT(J70,4),MID(J70,6,2),RIGHT(J70,2)),IF(MID(J70,5,1)="/",DATE(LEFT(J70,4),MID(J70,6,2),RIGHT(J70,2)),DATE(RIGHT(J70,4),MID(J70,4,2),LEFT(J70,2)))))) -> 45393 | O70: =IFERROR(C70/D70,0) -> 0.020812686 | P70: =IFERROR(E70/C70,0) -> 2.7883333 | Q70: =IFERROR(E70/F70,0) -> 10.183478 | R70: =IFERROR(E70/G70,0) -> 23.422 | S70: =IFERROR(I70/E70,0) -> 5.4948339
A71: A1069 | B71: Data Analytics Course | C71: 124 | D71: 4942 | E71: 240.59 | F71: 18 | G71: 3 | H71: 0.024 | I71: 1922 | J71: 45612 | K71: Hyderabad | L71: Desktop | M71: learn data analytics | N71: =IF(A71="","",IF(ISNUMBER(J71),J71,IF(MID(J71,5,1)="-",DATE(LEFT(J71,4),MID(J71,6,2),RIGHT(J71,2)),IF(MID(J71,5,1)="/",DATE(LEFT(J71,4),MID(J71,6,2),RIGHT(J71,2)),DATE(RIGHT(J71,4),MID(J71,4,2),LEFT(J71,2)))))) -> 45612 | O71: =IFERROR(C71/D71,0) -> 0.025091056 | P71: =IFERROR(E71/C71,0) -> 1.9402419 | Q71: =IFERROR(E71/F71,0) -> 13.366111 | R71: =IFERROR(E71/G71,0) -> 80.196667 | S71: =IFERROR(I71/E71,0) -> 7.9886945
A72: A1070 | B72: Data Analytics Course | C72: 122 | D72: 4989 | E72: 215.48 | F72: 12 | G72: 5 | H72: 0.041 | I72: 1975 | J72: 45602 | K72: Hyderabad | L72: Mobile | M72: data analitics online | N72: =IF(A72="","",IF(ISNUMBER(J72),J72,IF(MID(J72,5,1)="-",DATE(LEFT(J72,4),MID(J72,6,2),RIGHT(J72,2)),IF(MID(J72,5,1)="/",DATE(LEFT(J72,4),MID(J72,6,2),RIGHT(J72,2)),DATE(RIGHT(J72,4),MID(J72,4,2),LEFT(J72,2)))))) -> 45602 | O72: =IFERROR(C72/D72,0) -> 0.024453798 | P72: =IFERROR(E72/C72,0) -> 1.7662295 | Q72: =IFERROR(E72/F72,0) -> 17.956667 | R72: =IFERROR(E72/G72,0) -> 43.096 | S72: =IFERROR(I72/E72,0) -> 9.1655838
A73: A1071 | B73: Data Analytics Course | C73: 180 | D73: 3006 | E73: 228.14 | F73: 22 | G73: 7 | H73: 0.039 | I73: 1556 | J73: 45600 | K73: Hyderabad | L73: Tablet | M73: learn data analytics | N73: =IF(A73="","",IF(ISNUMBER(J73),J73,IF(MID(J73,5,1)="-",DATE(LEFT(J73,4),MID(J73,6,2),RIGHT(J73,2)),IF(MID(J73,5,1)="/",DATE(LEFT(J73,4),MID(J73,6,2),RIGHT(J73,2)),DATE(RIGHT(J73,4),MID(J73,4,2),LEFT(J73,2)))))) -> 45600 | O73: =IFERROR(C73/D73,0) -> 0.05988024 | P73: =IFERROR(E73/C73,0) -> 1.2674444 | Q73: =IFERROR(E73/F73,0) -> 10.37 | R73: =IFERROR(E73/G73,0) -> 32.591429 | S73: =IFERROR(I73/E73,0) -> 6.8203735
A74: A1072 | B74: Data Analytics Course | C74: 133 | D74: 3728 | E74: 199.13 | F74: 11 | G74: 10 | H74: 0.046 | I74: 1505 | J74: 45605 | K74: Hyderabad | L74: Desktop | M74: data analitics online | N74: =IF(A74="","",IF(ISNUMBER(J74),J74,IF(MID(J74,5,1)="-",DATE(LEFT(J74,4),MID(J74,6,2),RIGHT(J74,2)),IF(MID(J74,5,1)="/",DATE(LEFT(J74,4),MID(J74,6,2),RIGHT(J74,2)),DATE(RIGHT(J74,4),MID(J74,4,2),LEFT(J74,2)))))) -> 45605 | O74: =IFERROR(C74/D74,0) -> 0.035675966 | P74: =IFERROR(E74/C74,0) -> 1.497218 | Q74: =IFERROR(E74/F74,0) -> 18.102727 | R74: =IFERROR(E74/G74,0) -> 19.913 | S74: =IFERROR(I74/E74,0) -> 7.5578768
A75: A1073 | B75: Data Analytics Course | C75: 164 | D75: 3734 | E75: 225.39 | F75: 27 | G75: 8 | H75: 0.04 | I75: 1728 | J75: 45637 | K75: Hyderabad | L75: Tablet | M75: learn data analytics | N75: =IF(A75="","",IF(ISNUMBER(J75),J75,IF(MID(J75,5,1)="-",DATE(LEFT(J75,4),MID(J75,6,2),RIGHT(J75,2)),IF(MID(J75,5,1)="/",DATE(LEFT(J75,4),MID(J75,6,2),RIGHT(J75,2)),DATE(RIGHT(J75,4),MID(J75,4,2),LEFT(J75,2)))))) -> 45637 | O75: =IFERROR(C75/D75,0) -> 0.043920728 | P75: =IFERROR(E75/C75,0) -> 1.3743293 | Q75: =IFERROR(E75/F75,0) -> 8.3477778 | R75: =IFERROR(E75/G75,0) -> 28.17375 | S75: =IFERROR(I75/E75,0) -> 7.666711
A76: A1074 | B76: Data Analytics Course | C76: 150 | D76: 4621 | E76: 246.3 | F76: 15 | G76: 6 | H76: 0.049 | I76: 1554 | J76: 45605 | K76: Hyderabad | L76: Desktop | M76: data analitics online | N76: =IF(A76="","",IF(ISNUMBER(J76),J76,IF(MID(J76,5,1)="-",DATE(LEFT(J76,4),MID(J76,6,2),RIGHT(J76,2)),IF(MID(J76,5,1)="/",DATE(LEFT(J76,4),MID(J76,6,2),RIGHT(J76,2)),DATE(RIGHT(J76,4),MID(J76,4,2),LEFT(J76,2)))))) -> 45605 | O76: =IFERROR(C76/D76,0) -> 0.032460506 | P76: =IFERROR(E76/C76,0) -> 1.642 | Q76: =IFERROR(E76/F76,0) -> 16.42 | R76: =IFERROR(E76/G76,0) -> 41.05 | S76: =IFERROR(I76/E76,0) -> 6.3093788
A77: A1075 | B77: Data Analytics Course | C77: 97 | D77: 3212 | E77: 212.55 | F77: 27 | G77: 10 | H77: 0.103 | I77: 1994 | J77: 23-11-2024 | K77: Hyderabad | L77: Desktop | M77: analytics for data | N77: =IF(A77="","",IF(ISNUMBER(J77),J77,IF(MID(J77,5,1)="-",DATE(LEFT(J77,4),MID(J77,6,2),RIGHT(J77,2)),IF(MID(J77,5,1)="/",DATE(LEFT(J77,4),MID(J77,6,2),RIGHT(J77,2)),DATE(RIGHT(J77,4),MID(J77,4,2),LEFT(J77,2)))))) -> 45619 | O77: =IFERROR(C77/D77,0) -> 0.030199253 | P77: =IFERROR(E77/C77,0) -> 2.1912371 | Q77: =IFERROR(E77/F77,0) -> 7.8722222 | R77: =IFERROR(E77/G77,0) -> 21.255 | S77: =IFERROR(I77/E77,0) -> 9.381322
A78: A1076 | B78: Data Analytics Course | C78: 128 | D78: 4225 | E78: 228.24 | F78: 30 | G78: 4 | H78: 0.031 | I78: 1618 | J78: 45604 | K78: Hyderabad | L78: Mobile | M78: learn data analytics | N78: =IF(A78="","",IF(ISNUMBER(J78),J78,IF(MID(J78,5,1)="-",DATE(LEFT(J78,4),MID(J78,6,2),RIGHT(J78,2)),IF(MID(J78,5,1)="/",DATE(LEFT(J78,4),MID(J78,6,2),RIGHT(J78,2)),DATE(RIGHT(J78,4),MID(J78,4,2),LEFT(J78,2)))))) -> 45604 | O78: =IFERROR(C78/D78,0) -> 0.030295858 | P78: =IFERROR(E78/C78,0) -> 1.783125 | Q78: =IFERROR(E78/F78,0) -> 7.608 | R78: =IFERROR(E78/G78,0) -> 57.06 | S78: =IFERROR(I78/E78,0) -> 7.0890291
A79: A1077 | B79: Data Analytics Course | C79: 99 | D79: 4779 | E79: 233.78 | F79: 26 | G79: 10 | H79: 0.101 | I79: 1086 | J79: 45601 | K79: Hyderabad | L79: Desktop | M79: online data analytic | N79: =IF(A79="","",IF(ISNUMBER(J79),J79,IF(MID(J79,5,1)="-",DATE(LEFT(J79,4),MID(J79,6,2),RIGHT(J79,2)),IF(MID(J79,5,1)="/",DATE(LEFT(J79,4),MID(J79,6,2),RIGHT(J79,2)),DATE(RIGHT(J79,4),MID(J79,4,2),LEFT(J79,2)))))) -> 45601 | O79: =IFERROR(C79/D79,0) -> 0.020715631 | P79: =IFERROR(E79/C79,0) -> 2.3614141 | Q79: =IFERROR(E79/F79,0) -> 8.9915385 | R79: =IFERROR(E79/G79,0) -> 23.378 | S79: =IFERROR(I79/E79,0) -> 4.6453931
A80: A1078 | B80: Data Analytics Course | C80: 86 | D80: 5352 | E80: 234.05 | F80: 11 | G80: 5 | H80: 0.058 | I80: 1364 | J80: 45605 | K80: Hyderabad | L80: Tablet | M80: online data analytic | N80: =IF(A80="","",IF(ISNUMBER(J80),J80,IF(MID(J80,5,1)="-",DATE(LEFT(J80,4),MID(J80,6,2),RIGHT(J80,2)),IF(MID(J80,5,1)="/",DATE(LEFT(J80,4),MID(J80,6,2),RIGHT(J80,2)),DATE(RIGHT(J80,4),MID(J80,4,2),LEFT(J80,2)))))) -> 45605 | O80: =IFERROR(C80/D80,0) -> 0.016068759 | P80: =IFERROR(E80/C80,0) -> 2.7215116 | Q80: =IFERROR(E80/F80,0) -> 21.277273 | R80: =IFERROR(E80/G80,0) -> 46.81 | S80: =IFERROR(I80/E80,0) -> 5.8278146
A81: A1079 | B81: Data Analytics Course | C81: 118 | D81: 5405 | E81: 187.28 | F81: 25 | G81: 7 | H81: 0.058 | I81: 1836 | J81: 45601 | K81: Hyderabad | L81: Tablet | M81: analytics for data | N81: =IF(A81="","",IF(ISNUMBER(J81),J81,IF(MID(J81,5,1)="-",DATE(LEFT(J81,4),MID(J81,6,2),RIGHT(J81,2)),IF(MID(J81,5,1)="/",DATE(LEFT(J81,4),MID(J81,6,2),RIGHT(J81,2)),DATE(RIGHT(J81,4),MID(J81,4,2),LEFT(J81,2)))))) -> 45601 | O81: =IFERROR(C81/D81,0) -> 0.021831637 | P81: =IFERROR(E81/C81,0) -> 1.5871186 | Q81: =IFERROR(E81/F81,0) -> 7.4912 | R81: =IFERROR(E81/G81,0) -> 26.754286 | S81: =IFERROR(I81/E81,0) -> 9.8035028
A82: A1080 | B82: Data Analytics Course | C82: 127 | D82: 5430 | E82: 199.13 | F82: 14 | G82: 6 | H82: 0.047 | I82: 1932 | J82: 45621 | K82: Hyderabad | L82: Mobile | M82: analytics for data | N82: =IF(A82="","",IF(ISNUMBER(J82),J82,IF(MID(J82,5,1)="-",DATE(LEFT(J82,4),MID(J82,6,2),RIGHT(J82,2)),IF(MID(J82,5,1)="/",DATE(LEFT(J82,4),MID(J82,6,2),RIGHT(J82,2)),DATE(RIGHT(J82,4),MID(J82,4,2),LEFT(J82,2)))))) -> 45621 | O82: =IFERROR(C82/D82,0) -> 0.023388582 | P82: =IFERROR(E82/C82,0) -> 1.5679528 | Q82: =IFERROR(E82/F82,0) -> 14.223571 | R82: =IFERROR(E82/G82,0) -> 33.188333 | S82: =IFERROR(I82/E82,0) -> 9.7022046
A83: A1081 | B83: Data Analytics Course | C83: 83 | D83: 4808 | E83: 241.35 | F83: 20 | G83: 7 | H83: 0.084 | I83: 1038 | J83: 30-11-2024 | K83: Hyderabad | L83: Mobile | M83: learn data analytics | N83: =IF(A83="","",IF(ISNUMBER(J83),J83,IF(MID(J83,5,1)="-",DATE(LEFT(J83,4),MID(J83,6,2),RIGHT(J83,2)),IF(MID(J83,5,1)="/",DATE(LEFT(J83,4),MID(J83,6,2),RIGHT(J83,2)),DATE(RIGHT(J83,4),MID(J83,4,2),LEFT(J83,2)))))) -> 45626 | O83: =IFERROR(C83/D83,0) -> 0.017262895 | P83: =IFERROR(E83/C83,0) -> 2.9078313 | Q83: =IFERROR(E83/F83,0) -> 12.0675 | R83: =IFERROR(E83/G83,0) -> 34.478571 | S83: =IFERROR(I83/E83,0) -> 4.300808
A84: A1082 | B84: Data Analytics Course | C84: 149 | D84: 3587 | E84: 217.53 | F84: 23 | G84: 8 | H84: 0.046 | I84: 1505 | J84: 17-11-2024 | K84: Hyderabad | L84: Mobile | M84: data analitics online | N84: =IF(A84="","",IF(ISNUMBER(J84),J84,IF(MID(J84,5,1)="-",DATE(LEFT(J84,4),MID(J84,6,2),RIGHT(J84,2)),IF(MID(J84,5,1)="/",DATE(LEFT(J84,4),MID(J84,6,2),RIGHT(J84,2)),DATE(RIGHT(J84,4),MID(J84,4,2),LEFT(J84,2)))))) -> 45613 | O84: =IFERROR(C84/D84,0) -> 0.04153889 | P84: =IFERROR(E84/C84,0) -> 1.4599329 | Q84: =IFERROR(E84/F84,0) -> 9.4578261 | R84: =IFERROR(E84/G84,0) -> 27.19125 | S84: =IFERROR(I84/E84,0) -> 6.9185859
A85: A1083 | B85: Data Analytics Course | C85: 168 | D85: 4683 | E85: 215.28 | F85: 30 | G85: 8 | H85: 0.048 | I85: 1327 | J85: 45624 | K85: Hyderabad | L85: Mobile | M85: data analitics online | N85: =IF(A85="","",IF(ISNUMBER(J85),J85,IF(MID(J85,5,1)="-",DATE(LEFT(J85,4),MID(J85,6,2),RIGHT(J85,2)),IF(MID(J85,5,1)="/",DATE(LEFT(J85,4),MID(J85,6,2),RIGHT(J85,2)),DATE(RIGHT(J85,4),MID(J85,4,2),LEFT(J85,2)))))) -> 45624 | O85: =IFERROR(C85/D85,0) -> 0.035874439 | P85: =IFERROR(E85/C85,0) -> 1.2814286 | Q85: =IFERROR(E85/F85,0) -> 7.176 | R85: =IFERROR(E85/G85,0) -> 26.91 | S85: =IFERROR(I85/E85,0) -> 6.1640654
A86: A1084 | B86: Data Analytics Course | C86: 112 | D86: 5814 | E86: 227.38 | F86: 11 | G86: 8 | H86: 0.071 | I86: 1467 | J86: 45599 | K86: Hyderabad | L86: Tablet | M86: analytics for data | N86: =IF(A86="","",IF(ISNUMBER(J86),J86,IF(MID(J86,5,1)="-",DATE(LEFT(J86,4),MID(J86,6,2),RIGHT(J86,2)),IF(MID(J86,5,1)="/",DATE(LEFT(J86,4),MID(J86,6,2),RIGHT(J86,2)),DATE(RIGHT(J86,4),MID(J86,4,2),LEFT(J86,2)))))) -> 45599 | O86: =IFERROR(C86/D86,0) -> 0.019263846 | P86: =IFERROR(E86/C86,0) -> 2.0301786 | Q86: =IFERROR(E86/F86,0) -> 20.670909 | R86: =IFERROR(E86/G86,0) -> 28.4225 | S86: =IFERROR(I86/E86,0) -> 6.4517548
A87: A1085 | B87: Data Analytics Course | C87: 123 | D87: 3292 | E87: 233.2 | F87: 28 | G87: 6 | H87: 0.049 | I87: 1174 | J87: 45615 | K87: Hyderabad | L87: Desktop | M87: data anaytics training | N87: =IF(A87="","",IF(ISNUMBER(J87),J87,IF(MID(J87,5,1)="-",DATE(LEFT(J87,4),MID(J87,6,2),RIGHT(J87,2)),IF(MID(J87,5,1)="/",DATE(LEFT(J87,4),MID(J87,6,2),RIGHT(J87,2)),DATE(RIGHT(J87,4),MID(J87,4,2),LEFT(J87,2)))))) -> 45615 | O87: =IFERROR(C87/D87,0) -> 0.037363305 | P87: =IFERROR(E87/C87,0) -> 1.895935 | Q87: =IFERROR(E87/F87,0) -> 8.3285714 | R87: =IFERROR(E87/G87,0) -> 38.866667 | S87: =IFERROR(I87/E87,0) -> 5.0343053
A88: A1086 | B88: Data Analytics Course | C88: 174 | D88: 4305 | E88: 206.02 | F88: 20 | G88: 3 | H88: 0.034 | I88: 1057 | J88: 45619 | K88: Hyderabad | L88: Desktop | M88: learn data analytics | N88: =IF(A88="","",IF(ISNUMBER(J88),J88,IF(MID(J88,5,1)="-",DATE(LEFT(J88,4),MID(J88,6,2),RIGHT(J88,2)),IF(MID(J88,5,1)="/",DATE(LEFT(J88,4),MID(J88,6,2),RIGHT(J88,2)),DATE(RIGHT(J88,4),MID(J88,4,2),LEFT(J88,2)))))) -> 45619 | O88: =IFERROR(C88/D88,0) -> 0.040418118 | P88: =IFERROR(E88/C88,0) -> 1.184023 | Q88: =IFERROR(E88/F88,0) -> 10.301 | R88: =IFERROR(E88/G88,0) -> 68.673333 | S88: =IFERROR(I88/E88,0) -> 5.1305698
A89: A1087 | B89: Data Analytics Course | C89: 143 | D89: 4368 | E89: 215.57 | F89: 27 | G89: 7 | H89: 0.049 | I89: 1199 | J89: 45362 | K89: Hyderabad | L89: Tablet | M89: analytics for data | N89: =IF(A89="","",IF(ISNUMBER(J89),J89,IF(MID(J89,5,1)="-",DATE(LEFT(J89,4),MID(J89,6,2),RIGHT(J89,2)),IF(MID(J89,5,1)="/",DATE(LEFT(J89,4),MID(J89,6,2),RIGHT(J89,2)),DATE(RIGHT(J89,4),MID(J89,4,2),LEFT(J89,2)))))) -> 45362 | O89: =IFERROR(C89/D89,0) -> 0.032738095 | P89: =IFERROR(E89/C89,0) -> 1.5074825 | Q89: =IFERROR(E89/F89,0) -> 7.9840741 | R89: =IFERROR(E89/G89,0) -> 30.795714 | S89: =IFERROR(I89/E89,0) -> 5.5619984
A90: A1088 | B90: Data Analytics Course | C90: 195 | D90: 5935 | E90: 209.68 | F90: 23 | G90: 9 | H90: 0.046 | I90: 1966 | J90: 45603 | K90: Hyderabad | L90: Tablet | M90: online data analytic | N90: =IF(A90="","",IF(ISNUMBER(J90),J90,IF(MID(J90,5,1)="-",DATE(LEFT(J90,4),MID(J90,6,2),RIGHT(J90,2)),IF(MID(J90,5,1)="/",DATE(LEFT(J90,4),MID(J90,6,2),RIGHT(J90,2)),DATE(RIGHT(J90,4),MID(J90,4,2),LEFT(J90,2)))))) -> 45603 | O90: =IFERROR(C90/D90,0) -> 0.032855939 | P90: =IFERROR(E90/C90,0) -> 1.0752821 | Q90: =IFERROR(E90/F90,0) -> 9.1165217 | R90: =IFERROR(E90/G90,0) -> 23.297778 | S90: =IFERROR(I90/E90,0) -> 9.3761923
A91: A1089 | B91: Data Analytics Course | C91: 176 | D91: 5847 | E91: 241.04 | F91: 13 | G91: 6 | H91: 0.034 | I91: 1194 | J91: 45598 | K91: Hyderabad | L91: Desktop | M91: online data analytic | N91: =IF(A91="","",IF(ISNUMBER(J91),J91,IF(MID(J91,5,1)="-",DATE(LEFT(J91,4),MID(J91,6,2),RIGHT(J91,2)),IF(MID(J91,5,1)="/",DATE(LEFT(J91,4),MID(J91,6,2),RIGHT(J91,2)),DATE(RIGHT(J91,4),MID(J91,4,2),LEFT(J91,2)))))) -> 45598 | O91: =IFERROR(C91/D91,0) -> 0.030100906 | P91: =IFERROR(E91/C91,0) -> 1.3695455 | Q91: =IFERROR(E91/F91,0) -> 18.541538 | R91: =IFERROR(E91/G91,0) -> 40.173333 | S91: =IFERROR(I91/E91,0) -> 4.9535347
A92: A1090 | B92: Data Analytics Course | C92: 141 | D92: 4851 | E92: 227.39 | F92: 28 | G92: 5 | H92: 0.046 | I92: 1821 | J92: 45611 | K92: Hyderabad | L92: Desktop | M92: analytics for data | N92: =IF(A92="","",IF(ISNUMBER(J92),J92,IF(MID(J92,5,1)="-",DATE(LEFT(J92,4),MID(J92,6,2),RIGHT(J92,2)),IF(MID(J92,5,1)="/",DATE(LEFT(J92,4),MID(J92,6,2),RIGHT(J92,2)),DATE(RIGHT(J92,4),MID(J92,4,2),LEFT(J92,2)))))) -> 45611 | O92: =IFERROR(C92/D92,0) -> 0.029066172 | P92: =IFERROR(E92/C92,0) -> 1.612695 | Q92: =IFERROR(E92/F92,0) -> 8.1210714 | R92: =IFERROR(E92/G92,0) -> 45.478 | S92: =IFERROR(I92/E92,0) -> 8.0082677
A93: A1091 | B93: Data Analytics Course | C93: 108 | D93: 4710 | E93: 204.16 | F93: 19 | G93: 10 | H93: 0.093 | I93: 1731 | J93: 45616 | K93: Hyderabad | L93: Tablet | M93: data analitics online | N93: =IF(A93="","",IF(ISNUMBER(J93),J93,IF(MID(J93,5,1)="-",DATE(LEFT(J93,4),MID(J93,6,2),RIGHT(J93,2)),IF(MID(J93,5,1)="/",DATE(LEFT(J93,4),MID(J93,6,2),RIGHT(J93,2)),DATE(RIGHT(J93,4),MID(J93,4,2),LEFT(J93,2)))))) -> 45616 | O93: =IFERROR(C93/D93,0) -> 0.022929936 | P93: =IFERROR(E93/C93,0) -> 1.8903704 | Q93: =IFERROR(E93/F93,0) -> 10.745263 | R93: =IFERROR(E93/G93,0) -> 20.416 | S93: =IFERROR(I93/E93,0) -> 8.4786442
A94: A1092 | B94: Data Analytics Course | C94: 112 | D94: 3345 | E94: 215.57 | F94: 11 | G94: 6 | H94: 0.047 | I94: 1859 | J94: 45619 | K94: Hyderabad | L94: Tablet | M94: analytics for data | N94: =IF(A94="","",IF(ISNUMBER(J94),J94,IF(MID(J94,5,1)="-",DATE(LEFT(J94,4),MID(J94,6,2),RIGHT(J94,2)),IF(MID(J94,5,1)="/",DATE(LEFT(J94,4),MID(J94,6,2),RIGHT(J94,2)),DATE(RIGHT(J94,4),MID(J94,4,2),LEFT(J94,2)))))) -> 45619 | O94: =IFERROR(C94/D94,0) -> 0.03348281 | P94: =IFERROR(E94/C94,0) -> 1.9247321 | Q94: =IFERROR(E94/F94,0) -> 19.597273 | R94: =IFERROR(E94/G94,0) -> 35.928333 | S94: =IFERROR(I94/E94,0) -> 8.6236489
A95: A1093 | B95: Data Analytics Course | C95: 139 | D95: 5903 | E95: 184.41 | F95: 23 | G95: 9 | H95: 0.046 | I95: 1188 | J95: 20-11-2024 | K95: Hyderabad | L95: Tablet | M95: online data analytic | N95: =IF(A95="","",IF(ISNUMBER(J95),J95,IF(MID(J95,5,1)="-",DATE(LEFT(J95,4),MID(J95,6,2),RIGHT(J95,2)),IF(MID(J95,5,1)="/",DATE(LEFT(J95,4),MID(J95,6,2),RIGHT(J95,2)),DATE(RIGHT(J95,4),MID(J95,4,2),LEFT(J95,2)))))) -> 45616 | O95: =IFERROR(C95/D95,0) -> 0.023547349 | P95: =IFERROR(E95/C95,0) -> 1.3266906 | Q95: =IFERROR(E95/F95,0) -> 8.0178261 | R95: =IFERROR(E95/G95,0) -> 20.49 | S95: =IFERROR(I95/E95,0) -> 6.4421669
A96: A1094 | B96: Data Analytics Course | C96: 145 | D96: 5004 | E96: 216.45 | F96: 22 | G96: 5 | H96: 0.034 | I96: 1496 | J96: 45597 | K96: Hyderabad | L96: Tablet | M96: data analitics online | N96: =IF(A96="","",IF(ISNUMBER(J96),J96,IF(MID(J96,5,1)="-",DATE(LEFT(J96,4),MID(J96,6,2),RIGHT(J96,2)),IF(MID(J96,5,1)="/",DATE(LEFT(J96,4),MID(J96,6,2),RIGHT(J96,2)),DATE(RIGHT(J96,4),MID(J96,4,2),LEFT(J96,2)))))) -> 45597 | O96: =IFERROR(C96/D96,0) -> 0.028976819 | P96: =IFERROR(E96/C96,0) -> 1.4927586 | Q96: =IFERROR(E96/F96,0) -> 9.8386364 | R96: =IFERROR(E96/G96,0) -> 43.29 | S96: =IFERROR(I96/E96,0) -> 6.9115269
A97: A1095 | B97: Data Analytics Course | C97: 183 | D97: 3947 | E97: 197.3 | F97: 15 | G97: 8 | H97: 0.044 | I97: 1645 | J97: 45610 | K97: Hyderabad | L97: Desktop | M97: data anaytics training | N97: =IF(A97="","",IF(ISNUMBER(J97),J97,IF(MID(J97,5,1)="-",DATE(LEFT(J97,4),MID(J97,6,2),RIGHT(J97,2)),IF(MID(J97,5,1)="/",DATE(LEFT(J97,4),MID(J97,6,2),RIGHT(J97,2)),DATE(RIGHT(J97,4),MID(J97,4,2),LEFT(J97,2)))))) -> 45610 | O97: =IFERROR(C97/D97,0) -> 0.046364327 | P97: =IFERROR(E97/C97,0) -> 1.0781421 | Q97: =IFERROR(E97/F97,0) -> 13.153333 | R97: =IFERROR(E97/G97,0) -> 24.6625 | S97: =IFERROR(I97/E97,0) -> 8.337557
A98: A1096 | B98: Data Analytics Course | C98: 113 | D98: 3690 | E98: 229.42 | F98: 20 | G98: 5 | H98: 0.044 | I98: 1915 | J98: 45624 | K98: Hyderabad | L98: Tablet | M98: learn data analytics | N98: =IF(A98="","",IF(ISNUMBER(J98),J98,IF(MID(J98,5,1)="-",DATE(LEFT(J98,4),MID(J98,6,2),RIGHT(J98,2)),IF(MID(J98,5,1)="/",DATE(LEFT(J98,4),MID(J98,6,2),RIGHT(J98,2)),DATE(RIGHT(J98,4),MID(J98,4,2),LEFT(J98,2)))))) -> 45624 | O98: =IFERROR(C98/D98,0) -> 0.030623306 | P98: =IFERROR(E98/C98,0) -> 2.0302655 | Q98: =IFERROR(E98/F98,0) -> 11.471 | R98: =IFERROR(E98/G98,0) -> 45.884 | S98: =IFERROR(I98/E98,0) -> 8.3471363
A99: A1097 | B99: Data Analytics Course | C99: 101 | D99: 5943 | E99: 187.32 | F99: 27 | G99: 6 | H99: 0.059 | I99: 1614 | J99: 45611 | K99: Hyderabad | L99: Tablet | M99: data analitics online | N99: =IF(A99="","",IF(ISNUMBER(J99),J99,IF(MID(J99,5,1)="-",DATE(LEFT(J99,4),MID(J99,6,2),RIGHT(J99,2)),IF(MID(J99,5,1)="/",DATE(LEFT(J99,4),MID(J99,6,2),RIGHT(J99,2)),DATE(RIGHT(J99,4),MID(J99,4,2),LEFT(J99,2)))))) -> 45611 | O99: =IFERROR(C99/D99,0) -> 0.016994784 | P99: =IFERROR(E99/C99,0) -> 1.8546535 | Q99: =IFERROR(E99/F99,0) -> 6.9377778 | R99: =IFERROR(E99/G99,0) -> 31.22 | S99: =IFERROR(I99/E99,0) -> 8.6162716
A100: A1098 | B100: Data Analytics Course | C100: 189 | D100: 5357 | E100: 222.5 | F100: 24 | G100: 3 | H100: 0.05 | I100: 1839 | J100: 45621 | K100: Hyderabad | L100: Tablet | M100: data analytics course | N100: =IF(A100="","",IF(ISNUMBER(J100),J100,IF(MID(J100,5,1)="-",DATE(LEFT(J100,4),MID(J100,6,2),RIGHT(J100,2)),IF(MID(J100,5,1)="/",DATE(LEFT(J100,4),MID(J100,6,2),RIGHT(J100,2)),DATE(RIGHT(J100,4),MID(J100,4,2),LEFT(J100,2)))))) -> 45621 | O100: =IFERROR(C100/D100,0) -> 0.035280941 | P100: =IFERROR(E100/C100,0) -> 1.1772487 | Q100: =IFERROR(E100/F100,0) -> 9.2708333 | R100: =IFERROR(E100/G100,0) -> 74.166667 | S100: =IFERROR(I100/E100,0) -> 8.2651685
...

Sheet Statistics
A1: Metric | B1: Mean | C1: Median | D1: Mode | E1: Standard Deviation
A2: Clicks | B2: =AVERAGE(Cleaned_Data!C2:C2601) -> 138.95885 | C2: =MEDIAN(Cleaned_Data!C2:C2601) -> 139 | D2: =MODE(Cleaned_Data!C2:C2601) -> 139 | E2: =STDEV(Cleaned_Data!C2:C2601) -> 33.865228
A3: Impressions | B3: =AVERAGE(Cleaned_Data!E2:E2601) -> 215.10851 | C3: =MEDIAN(Cleaned_Data!D2:D2601) -> 4518.5 | D3: =MODE(Cleaned_Data!D2:D2601) -> 4518.5 | E3: =STDEV(Cleaned_Data!D2:D2601) -> 860.8434
A4: Cost | B4: =AVERAGE(Cleaned_Data!E2:E2601) -> 215.10851 | C4: =MEDIAN(Cleaned_Data!E2:E2601) -> 215.57 | D4: =MODE(Cleaned_Data!E2:E2601) -> 215.57 | E4: =+STDEV(Cleaned_Data!E2:E2601) -> 19.90758
A5: Leads | B5: =AVERAGE(Cleaned_Data!F2:F2601) -> 20.003846 | C5: =MEDIAN(Cleaned_Data!F2:F2601) -> 20 | D5: =MODE(Cleaned_Data!F2:F2601) -> 20 | E5: =STDEV(Cleaned_Data!F2:F2601) -> 5.9763533
A6: Conversions | B6: =AVERAGE(Cleaned_Data!G2:G2601) -> 6.5326923 | C6: =MEDIAN(Cleaned_Data!G2:G2601) -> 7 | D6: =MODE(Cleaned_Data!G2:G2601) -> 7 | E6: =STDEV(Cleaned_Data!G2:G2601) -> 2.2414148
A7: Sale_Amount | B7: =AVERAGE(Cleaned_Data!I2:I2601) -> 1498.9877 | C7: =MEDIAN(Cleaned_Data!I2:I2601) -> 1505 | D7: =MODE(Cleaned_Data!I2:I2601) -> 1505 | E7: =STDEV(Cleaned_Data!I2:I2601) -> 279.32721
A8: CTR | B8: =AVERAGE(Cleaned_Data!O2:O2601) -> 0.031927223 | C8: =MEDIAN(Cleaned_Data!O2:O2601) -> 0.030384186 | D8: =MODE(Cleaned_Data!O2:O2601) -> 0.027027027 | E8: =STDEV(Cleaned_Data!O2:O2601) -> 0.010277003
A9: Conversion Rate | B9: =AVERAGE(Cleaned_Data!H2:H2601) -> 0.048261923 | C9: =MEDIAN(Cleaned_Data!H2:H2601) -> 0.046 | D9: =MODE(Cleaned_Data!H2:H2601) -> 0.046 | E9: =STDEV(Cleaned_Data!H2:H2601) -> 0.017461116

Sheet Formula Analysis
A1: Device | B1: Count | D1: Metric | E1: Total | G1: Column1 | H1: Column2
A2: Desktop | B2: =COUNTIF(Cleaned_Data!L2:L2601,A2) -> 888 | D2: Clicks | E2: =SUM(Cleaned_Data!C2:C2601) -> 361293 | G2: Date | H2: Formatted Date
A3: Mobile | B3: =COUNTIF(Cleaned_Data!L3:L2602,A3) -> 878 | D3: Cost | E3: =SUM(Cleaned_Data!E2:E2601) -> 559282.12 | G3: First Ad Date | H3: =TEXT(Cleaned_Data!N2,"dd-mmm-yyyy") -> 16-Nov-2024
A4: Tablet | B4: =COUNTIF(Cleaned_Data!L4:L2603,A4) -> 834 | D4: Sale Amount | E4: =SUM(Cleaned_Data!I2:I2601) -> 3897368
A7: Insight | B7: Finding
A8: Total Clicks | B8: 361293
A9: Total Cost | B9: 559282.12
A10: Total Sale Amount | B10: 3897368
A11: Highest Sales Device | B11: Desktop
A12: Highest Conversion Device | B12: Desktop
A13: Highest Clicks Device | B13: Mobile
A14: Lowest Sales Device | B14: Tablet
